"gap_ref_ID","US_ID","Context category","Condition","projected gap","Reference answer","textual evidence","Expected need"
"US01_CL_01","US01","Léxica","CL","Definition of anonymous user","a visitor who has not authenticated or created an account","An anonymous user is a visitor who has not authenticated or created an account.","Necessária/bloqueante"
"US01_CL_02","US01","Léxica","CL","Composition of Public information","a facility's name, address, opening hours, contact channel, and accepted material categories","Public information consists of a facility's name, address, opening hours, contact channel, and accepted material categories.","Necessária/bloqueante"
"US01_CL_03","US01","Léxica","CL","Definition of recycling center","a registered facility that receives recyclable materials from the public","A recycling center is a registered facility that receives recyclable materials from the public.","Necessária/bloqueante"
"US01_CO_01","US01","Operacional","CO","Authorization rule for Anonymous visitors","Anonymous visitors may search by ZIP code or by a location supplied for the current search","Anonymous visitors may search by ZIP code or by a location supplied for the current search.","Necessária/bloqueante"
"US01_CO_02","US01","Operacional","CO","Eligibility rule for Only active facilities and fields classified as public","Only active facilities and fields classified as public may appear in the results","Only active facilities and fields classified as public may appear in the results.","Necessária/bloqueante"
"US01_CO_03","US01","Operacional","CO","Restriction applicable to Account-dependent actions, such as saving favorites or receiving personalized alerts","Account-dependent actions, such as saving favorites or receiving personalized alerts, are unavailable to anonymous visitors","Account-dependent actions, such as saving favorites or receiving personalized alerts, are unavailable to anonymous visitors.","Necessária/bloqueante"
"US01_CD_01","US01","Decisória","CD","Rationale for selecting Anonymous access","Anonymous access was selected to reduce friction before account creation","Anonymous access was selected to reduce friction before account creation.","Útil/não bloqueante"
"US01_CD_02","US01","Decisória","CD","Prior decision or rationale concerning Personal contact names","Personal contact names, internal notes, and verification documents must not be exposed publicly","Personal contact names, internal notes, and verification documents must not be exposed publicly.","Útil/não bloqueante"
"US01_CD_03","US01","Decisória","CD","Prior decision or rationale concerning Search activity from anonymous sessions will not be retained after the session ends","Search activity from anonymous sessions will not be retained after the session ends","Search activity from anonymous sessions will not be retained after the session ends.","Útil/não bloqueante"
"US01_CS_01","US01","Sistêmica","CS","Dependency used by The public search page to obtain facility data from the Facility Directory Service","The public search page requests facility data from the Facility Directory Service","The public search page requests facility data from the Facility Directory Service.","Necessária/bloqueante"
"US01_CS_02","US01","Sistêmica","CS","Component responsible for processing the submitted location into coordinates","The Location Resolution Service converts the submitted location into coordinates","The Location Resolution Service converts the submitted location into coordinates.","Necessária/bloqueante"
"US01_CS_03","US01","Sistêmica","CS","System dependency not required for The Authentication Service","The Authentication Service is not required for read-only public searches","The Authentication Service is not required for read-only public searches.","Necessária/bloqueante"
"US02_CL_01","US02","Léxica","CL","Definition of ZIP code","the postal code used to identify the geographic area of the search","A ZIP code is the postal code used to identify the geographic area of the search.","Necessária/bloqueante"
"US02_CL_02","US02","Léxica","CL","Definition of nearby recycling facility","a registered facility located within the configured search radius","A nearby recycling facility is a registered facility located within the configured search radius.","Necessária/bloqueante"
"US02_CL_03","US02","Léxica","CL","Definition of result list","an ordered collection of matching facilities, not a saved favorites list","A result list is an ordered collection of matching facilities, not a saved favorites list.","Necessária/bloqueante"
"US02_CO_01","US02","Operacional","CO","Validation rule for ZIP code","The ZIP code must be validated before the search is submitted","The ZIP code must be validated before the search is submitted.","Necessária/bloqueante"
"US02_CO_02","US02","Operacional","CO","Maximum limit applicable to default search radius","The default search radius is 25 miles, and no more than 20 active facilities are returned","The default search radius is 25 miles, and no more than 20 active facilities are returned.","Necessária/bloqueante"
"US02_CO_03","US02","Operacional","CO","Ordering or ranking rule for Results","Results are ordered by distance from the geographic center of the submitted ZIP code","Results are ordered by distance from the geographic center of the submitted ZIP code.","Necessária/bloqueante"
"US02_CD_01","US02","Decisória","CD","Rationale for selecting ZIP-code search","ZIP-code search was selected instead of mandatory device location to preserve user privacy and support desktop users","ZIP-code search was selected instead of mandatory device location to preserve user privacy and support desktop users.","Útil/não bloqueante"
"US02_CD_02","US02","Decisória","CD","Rationale for selecting Straight-line distance","Straight-line distance was selected for the initial version instead of travel-time estimation","Straight-line distance was selected for the initial version instead of travel-time estimation.","Útil/não bloqueante"
"US02_CD_03","US02","Decisória","CD","Decision to exclude Inactive and unverified facilities are excluded from search results","Inactive and unverified facilities are excluded from search results","Inactive and unverified facilities are excluded from search results.","Útil/não bloqueante"
"US02_CS_01","US02","Sistêmica","CS","Component responsible for processing the ZIP code into geographic coordinates","The Geocoding Service converts the ZIP code into geographic coordinates","The Geocoding Service converts the ZIP code into geographic coordinates.","Necessária/bloqueante"
"US02_CS_02","US02","Sistêmica","CS","Source of facility coordinates, verification status, and active status","The Facility Directory provides facility coordinates, verification status, and active status","The Facility Directory provides facility coordinates, verification status, and active status.","Necessária/bloqueante"
"US02_CS_03","US02","Sistêmica","CS","Component responsible for delivering the result list to the web interface","The Search Service ranks the facilities and sends the result list to the web interface","The Search Service ranks the facilities and sends the result list to the web interface.","Necessária/bloqueante"
"US03_CL_01","US03","Léxica","CL","Definition of Recycling facility information","the public profile associated with a recycling center","Recycling facility information is the public profile associated with a recycling center.","Necessária/bloqueante"
"US03_CL_02","US03","Léxica","CL","Scope of Managing information","creating, editing, publishing, deactivating, and restoring a facility record","Managing information includes creating, editing, publishing, deactivating, and restoring a facility record.","Necessária/bloqueante"
"US03_CL_03","US03","Léxica","CL","Definition of active facility record","a published record that may appear in user searches","An active facility record is a published record that may appear in user searches.","Necessária/bloqueante"
"US03_CO_01","US03","Operacional","CO","Minimum threshold applicable to facility record","A facility record requires a name, address, contact channel, operating hours, and at least one accepted material category","A facility record requires a name, address, contact channel, operating hours, and at least one accepted material category.","Necessária/bloqueante"
"US03_CO_02","US03","Operacional","CO","Operational rule governing Removing a facility deactivates its public listing rather than deleting its historical record","Removing a facility deactivates its public listing rather than deleting its historical record","Removing a facility deactivates its public listing rather than deleting its historical record.","Necessária/bloqueante"
"US03_CO_03","US03","Operacional","CO","Operational rule governing Every change","Every change must record the administrator, timestamp, and changed fields","Every change must record the administrator, timestamp, and changed fields.","Necessária/bloqueante"
"US03_CD_01","US03","Decisória","CD","Rationale for selecting Soft deletion","Soft deletion was selected to preserve auditability and allow records to be restored","Soft deletion was selected to preserve auditability and allow records to be restored.","Útil/não bloqueante"
"US03_CD_02","US03","Decisória","CD","Decision on authorization: Only administrators may publish or deactivate facility records","Only administrators may publish or deactivate facility records","Only administrators may publish or deactivate facility records.","Útil/não bloqueante"
"US03_CD_03","US03","Decisória","CD","Prior decision or rationale concerning Changes to public data require a recorded reason when they remove or replace existing information","Changes to public data require a recorded reason when they remove or replace existing information","Changes to public data require a recorded reason when they remove or replace existing information.","Útil/não bloqueante"
"US03_CS_01","US03","Sistêmica","CS","Component responsible for storing through the Administration Portal","Administrators manage records through the Administration Portal","Administrators manage records through the Administration Portal.","Necessária/bloqueante"
"US03_CS_02","US03","Sistêmica","CS","Component responsible for storing the current record and its publication status","The Facility Directory stores the current record and its publication status","The Facility Directory stores the current record and its publication status.","Necessária/bloqueante"
"US03_CS_03","US03","Sistêmica","CS","Component responsible for storing each administrative change, while the public search reads only published records","The Audit Service records each administrative change, while the public search reads only published records","The Audit Service records each administrative change, while the public search reads only published records.","Útil/não bloqueante"
"US04_CL_01","US04","Léxica","CL","Definition of weekly schedule","a set of dated busy periods covering one calendar week","A weekly schedule is a set of dated busy periods covering one calendar week.","Necessária/bloqueante"
"US04_CL_02","US04","Léxica","CL","Definition of availability window","a time interval not occupied by an event in the uploaded schedule","An availability window is a time interval not occupied by an event in the uploaded schedule.","Necessária/bloqueante"
"US04_CL_03","US04","Léxica","CL","Definition of Best fit means that the facility can be visited during an availability window while it","open","Best fit means that the facility can be visited during an availability window while it is open.","Necessária/bloqueante"
"US04_CO_01","US04","Operacional","CO","Operational rule governing system","The system accepts iCalendar (.ics) files and CSV files that follow the published schedule template","The system accepts iCalendar (.ics) files and CSV files that follow the published schedule template.","Necessária/bloqueante"
"US04_CO_02","US04","Operacional","CO","Minimum threshold applicable to Only availability windows of at least 60 minutes","Only availability windows of at least 60 minutes are considered for recommendations","Only availability windows of at least 60 minutes are considered for recommendations.","Necessária/bloqueante"
"US04_CO_03","US04","Operacional","CO","Validation rule for Invalid or overlapping entries","Invalid or overlapping entries are reported to the user before recommendations are generated","Invalid or overlapping entries are reported to the user before recommendations are generated.","Necessária/bloqueante"
"US04_CD_01","US04","Decisória","CD","Rationale for selecting one-week planning horizon","A one-week planning horizon was selected to keep recommendations current and understandable","A one-week planning horizon was selected to keep recommendations current and understandable.","Útil/não bloqueante"
"US04_CD_02","US04","Decisória","CD","Prior decision or rationale concerning Availability is inferred from unoccupied periods rather than requiring users to label free time manually","Availability is inferred from unoccupied periods rather than requiring users to label free time manually","Availability is inferred from unoccupied periods rather than requiring users to label free time manually.","Útil/não bloqueante"
"US04_CD_03","US04","Decisória","CD","Prior decision or rationale concerning uploaded schedule is deleted after recommendations are generated to reduce retention of personal data","The uploaded schedule is deleted after recommendations are generated to reduce retention of personal data","The uploaded schedule is deleted after recommendations are generated to reduce retention of personal data.","Útil/não bloqueante"
"US04_CS_01","US04","Sistêmica","CS","Component responsible for validating the schedule file","The Upload Service receives and validates the schedule file","The Upload Service receives and validates the schedule file.","Necessária/bloqueante"
"US04_CS_02","US04","Sistêmica","CS","Component responsible for processing events into availability windows using the user's time zone","The Schedule Parser converts events into availability windows using the user's time zone","The Schedule Parser converts events into availability windows using the user's time zone.","Necessária/bloqueante"
"US04_CS_03","US04","Sistêmica","CS","System responsibility or dependency involving Recommendation Service combines availability","The Recommendation Service combines availability, facility opening hours, location, and estimated travel time","The Recommendation Service combines availability, facility opening hours, location, and estimated travel time.","Necessária/bloqueante"
"US05_CL_01","US05","Léxica","CL","Definition of facility representative","a verified person authorized to maintain one facility's public profile","A facility representative is a verified person authorized to maintain one facility's public profile.","Necessária/bloqueante"
"US05_CL_02","US05","Léxica","CL","Scope of Facility information","contact details, operating hours, accessibility information, and temporary notices","Facility information includes contact details, operating hours, accessibility information, and temporary notices.","Necessária/bloqueante"
"US05_CL_03","US05","Léxica","CL","Definition of Accepted materials","categories from the platform's controlled material taxonomy","Accepted materials are categories from the platform's controlled material taxonomy.","Necessária/bloqueante"
"US05_CO_01","US05","Operacional","CO","Authorization rule for representative","A representative may edit only facilities to which the representative is assigned","A representative may edit only facilities to which the representative is assigned.","Necessária/bloqueante"
"US05_CO_02","US05","Operacional","CO","Validation rule for Changes to contact details, hours, and accepted materials","Changes to contact details, hours, and accepted materials are validated before publication","Changes to contact details, hours, and accepted materials are validated before publication.","Necessária/bloqueante"
"US05_CO_03","US05","Operacional","CO","Operational rule governing Address, ownership, or permanent closure changes","Address, ownership, or permanent closure changes require administrator approval","Address, ownership, or permanent closure changes require administrator approval.","Necessária/bloqueante"
"US05_CD_01","US05","Decisória","CD","Rationale for Routine information is maintained by representatives","Routine information is maintained by representatives because they are closest to day-to-day facility operations","Routine information is maintained by representatives because they are closest to day-to-day facility operations.","Útil/não bloqueante"
"US05_CD_02","US05","Decisória","CD","Prior decision or rationale concerning High-impact identity and location changes remain subject to administrative review","High-impact identity and location changes remain subject to administrative review","High-impact identity and location changes remain subject to administrative review.","Útil/não bloqueante"
"US05_CD_03","US05","Decisória","CD","Rationale for selecting controlled material taxonomy","A controlled material taxonomy was selected to prevent inconsistent free-text descriptions","A controlled material taxonomy was selected to prevent inconsistent free-text descriptions.","Útil/não bloqueante"
"US05_CS_01","US05","Sistêmica","CS","Component responsible for validating facility assignments","The Representative Portal authenticates the representative and checks facility assignments","The Representative Portal authenticates the representative and checks facility assignments.","Necessária/bloqueante"
"US05_CS_02","US05","Sistêmica","CS","Component responsible for storing proposed and published values","The Facility Directory stores proposed and published values","The Facility Directory stores proposed and published values.","Necessária/bloqueante"
"US05_CS_03","US05","Sistêmica","CS","Component responsible for delivering the representative of the decision","The Administration Workflow receives changes that require approval and notifies the representative of the decision","The Administration Workflow receives changes that require approval and notifies the representative of the decision.","Necessária/bloqueante"
"US06_CL_01","US06","Léxica","CL","Definition of moderator","the participant authorized to configure and control a game","A moderator is the participant authorized to configure and control a game.","Necessária/bloqueante"
"US06_CL_02","US06","Léxica","CL","Definition of estimator","a participant who may submit estimates during rounds","An estimator is a participant who may submit estimates during rounds.","Necessária/bloqueante"
"US06_CL_03","US06","Léxica","CL","Definition of invitation URL","a shareable link containing a game-specific access token","An invitation URL is a shareable link containing a game-specific access token.","Necessária/bloqueante"
"US06_CO_01","US06","Operacional","CO","Authorization rule for game","A game has one active invitation URL that may be copied and shared by the moderator","A game has one active invitation URL that may be copied and shared by the moderator.","Necessária/bloqueante"
"US06_CO_02","US06","Operacional","CO","Validation rule for URL","The URL remains valid until the game is closed or the moderator regenerates it","The URL remains valid until the game is closed or the moderator regenerates it.","Necessária/bloqueante"
"US06_CO_03","US06","Operacional","CO","Validation rule for Opening a valid URL takes the estimator to the game's join page","Opening a valid URL takes the estimator to the game's join page","Opening a valid URL takes the estimator to the game's join page.","Necessária/bloqueante"
"US06_CD_01","US06","Decisória","CD","Rationale for selecting shareable link","A shareable link was selected instead of individual email invitations to reduce setup time","A shareable link was selected instead of individual email invitations to reduce setup time.","Útil/não bloqueante"
"US06_CD_02","US06","Decisória","CD","Decision on whether Estimators are not required to create an account before joining is required","Estimators are not required to create an account before joining","Estimators are not required to create an account before joining.","Útil/não bloqueante"
"US06_CD_03","US06","Decisória","CD","Prior decision or rationale concerning same invitation URL may be used by multiple estimators","The same invitation URL may be used by multiple estimators, while participant identity is established on the join page","The same invitation URL may be used by multiple estimators, while participant identity is established on the join page.","Útil/não bloqueante"
"US06_CS_01","US06","Sistêmica","CS","Component responsible for storing the invitation token","The Game Service creates and stores the invitation token","The Game Service creates and stores the invitation token.","Necessária/bloqueante"
"US06_CS_02","US06","Sistêmica","CS","Component responsible for delivering the token to the Lobby Service for validation","The Join Page sends the token to the Lobby Service for validation","The Join Page sends the token to the Lobby Service for validation.","Necessária/bloqueante"
"US06_CS_03","US06","Sistêmica","CS","Source of a copy action","The Moderator Interface displays the URL and provides a copy action","The Moderator Interface displays the URL and provides a copy action.","Necessária/bloqueante"
"US07_CL_01","US07","Léxica","CL","Definition of spreadsheet","a CSV or XLSX file containing one user story per row","A spreadsheet is a CSV or XLSX file containing one user story per row.","Necessária/bloqueante"
"US07_CL_02","US07","Léxica","CL","Definition of user story","an estimation item with a title and story text","A user story is an estimation item with a title and story text.","Necessária/bloqueante"
"US07_CL_03","US07","Léxica","CL","Definition of import batch","the set of rows submitted in one spreadsheet upload","An import batch is the set of rows submitted in one spreadsheet upload.","Necessária/bloqueante"
"US07_CO_01","US07","Operacional","CO","Required data or conditions for file","The file must contain the columns Title and Story, while Identifier and Notes are optional","The file must contain the columns Title and Story, while Identifier and Notes are optional.","Necessária/bloqueante"
"US07_CO_02","US07","Operacional","CO","Validation rule for system","The system validates all rows and displays a preview before any story is created","The system validates all rows and displays a preview before any story is created.","Necessária/bloqueante"
"US07_CO_03","US07","Operacional","CO","Validation rule for Valid rows","Valid rows are imported after confirmation; invalid rows remain excluded and are listed in an error report","Valid rows are imported after confirmation; invalid rows remain excluded and are listed in an error report.","Necessária/bloqueante"
"US07_CD_01","US07","Decisória","CD","Rationale for selecting confirmation preview","A confirmation preview was selected to prevent accidental bulk creation","A confirmation preview was selected to prevent accidental bulk creation.","Útil/não bloqueante"
"US07_CD_02","US07","Decisória","CD","Prior decision or rationale concerning Existing stories are not overwritten automatically when a duplicate identifier is detected","Existing stories are not overwritten automatically when a duplicate identifier is detected","Existing stories are not overwritten automatically when a duplicate identifier is detected.","Útil/não bloqueante"
"US07_CD_03","US07","Decisória","CD","Rationale for selecting Partial import","Partial import was selected so valid rows can be used without forcing the moderator to correct the whole file first","Partial import was selected so valid rows can be used without forcing the moderator to correct the whole file first.","Útil/não bloqueante"
"US07_CS_01","US07","Sistêmica","CS","Component responsible for validating the uploaded spreadsheet","The Import Service parses and validates the uploaded spreadsheet","The Import Service parses and validates the uploaded spreadsheet.","Necessária/bloqueante"
"US07_CS_02","US07","Sistêmica","CS","Component responsible for creating the confirmed stories in the selected game","The Backlog Service creates the confirmed stories in the selected game","The Backlog Service creates the confirmed stories in the selected game.","Necessária/bloqueante"
"US07_CS_03","US07","Sistêmica","CS","System responsibility or dependency involving Error Reporting component returns row numbers and validation messages to the moderator interface","The Error Reporting component returns row numbers and validation messages to the moderator interface","The Error Reporting component returns row numbers and validation messages to the moderator interface.","Útil/não bloqueante"
"US08_CL_01","US08","Léxica","CL","Definition of estimate","the value submitted by an estimator for the current item","An estimate is the value submitted by an estimator for the current item.","Necessária/bloqueante"
"US08_CL_02","US08","Léxica","CL","Definition of active estimator","a connected participant who is eligible to estimate in the current round","An active estimator is a connected participant who is eligible to estimate in the current round.","Necessária/bloqueante"
"US08_CL_03","US08","Léxica","CL","Meaning of Revealing estimates","making all submitted values visible to every participant","Revealing estimates means making all submitted values visible to every participant.","Necessária/bloqueante"
"US08_CO_01","US08","Operacional","CO","Time constraint applicable to Submitted estimates","Submitted estimates remain hidden until every active estimator has submitted or the moderator closes voting","Submitted estimates remain hidden until every active estimator has submitted or the moderator closes voting.","Necessária/bloqueante"
"US08_CO_02","US08","Operacional","CO","Operational rule governing All stored estimates","All stored estimates are revealed in one broadcast event","All stored estimates are revealed in one broadcast event.","Necessária/bloqueante"
"US08_CO_03","US08","Operacional","CO","Restriction applicable to After reveal, estimates","After reveal, estimates cannot be changed unless the moderator starts a new round","After reveal, estimates cannot be changed unless the moderator starts a new round.","Necessária/bloqueante"
"US08_CD_01","US08","Decisória","CD","Rationale for selecting Simultaneous reveal","Simultaneous reveal was selected to reduce anchoring and social influence","Simultaneous reveal was selected to reduce anchoring and social influence.","Útil/não bloqueante"
"US08_CD_02","US08","Decisória","CD","Decision to exclude Spectators and disconnected participants are excluded from the completion count","Spectators and disconnected participants are excluded from the completion count","Spectators and disconnected participants are excluded from the completion count.","Útil/não bloqueante"
"US08_CD_03","US08","Decisória","CD","Prior decision or rationale concerning moderator may close voting manually when waiting for every active estimator is no longer appropriate","The moderator may close voting manually when waiting for every active estimator is no longer appropriate","The moderator may close voting manually when waiting for every active estimator is no longer appropriate.","Útil/não bloqueante"
"US08_CS_01","US08","Sistêmica","CS","Component responsible for storing estimates with a hidden status","The Game Service stores estimates with a hidden status","The Game Service stores estimates with a hidden status.","Necessária/bloqueante"
"US08_CS_02","US08","Sistêmica","CS","Source of the set of active estimators","The Presence Service provides the set of active estimators","The Presence Service provides the set of active estimators.","Necessária/bloqueante"
"US08_CS_03","US08","Sistêmica","CS","Component responsible for delivering the reveal event and all estimates to connected participants","The Realtime Gateway broadcasts the reveal event and all estimates to connected participants","The Realtime Gateway broadcasts the reveal event and all estimates to connected participants.","Necessária/bloqueante"
"US09_CL_01","US09","Léxica","CL","Definition of location","a venue or site containing one or more rooms","A location is a venue or site containing one or more rooms.","Necessária/bloqueante"
"US09_CL_02","US09","Léxica","CL","Definition of room","a reservable space registered under a location","A room is a reservable space registered under a location.","Necessária/bloqueante"
"US09_CL_03","US09","Léxica","CL","Definition of time slot","a defined start-and-end interval in the event schedule","A time slot is a defined start-and-end interval in the event schedule.","Necessária/bloqueante"
"US09_CO_01","US09","Operacional","CO","Operational rule governing selected room","The selected room must belong to the selected location","The selected room must belong to the selected location.","Necessária/bloqueante"
"US09_CO_02","US09","Operacional","CO","Restriction applicable to room","A room cannot be assigned to overlapping schedule entries","A room cannot be assigned to overlapping schedule entries.","Necessária/bloqueante"
"US09_CO_03","US09","Operacional","CO","Operational rule governing room capacity","The room capacity must be equal to or greater than the expected attendance of the scheduled session","The room capacity must be equal to or greater than the expected attendance of the scheduled session.","Necessária/bloqueante"
"US09_CD_01","US09","Decisória","CD","Prior decision or rationale concerning Room capacity is treated as a hard scheduling constraint","Room capacity is treated as a hard scheduling constraint","Room capacity is treated as a hard scheduling constraint.","Útil/não bloqueante"
"US09_CD_02","US09","Decisória","CD","Rationale for selecting Manual assignment","Manual assignment was selected for the initial version instead of automatic room optimization","Manual assignment was selected for the initial version instead of automatic room optimization.","Útil/não bloqueante"
"US09_CD_03","US09","Decisória","CD","Prior decision or rationale concerning All time slots use the time zone configured for the event","All time slots use the time zone configured for the event","All time slots use the time zone configured for the event.","Útil/não bloqueante"
"US09_CS_01","US09","Sistêmica","CS","Component responsible for storing the assignment between session, time slot, room, and location","The Scheduling Service stores the assignment between session, time slot, room, and location","The Scheduling Service stores the assignment between session, time slot, room, and location.","Necessária/bloqueante"
"US09_CS_02","US09","Sistêmica","CS","Source of room membership, capacity, and availability","The Venue Catalog provides room membership, capacity, and availability","The Venue Catalog provides room membership, capacity, and availability.","Necessária/bloqueante"
"US09_CS_03","US09","Sistêmica","CS","Source of the expected attendance and session identifier","The Session Registry provides the expected attendance and session identifier","The Session Registry provides the expected attendance and session identifier.","Necessária/bloqueante"
"US10_CL_01","US10","Léxica","CL","Definition of anonymous user","a visitor who has not authenticated","An anonymous user is a visitor who has not authenticated.","Necessária/bloqueante"
"US10_CL_02","US10","Léxica","CL","Definition of Camp registration","an application to attend a specified camp session","Camp registration is an application to attend a specified camp session.","Necessária/bloqueante"
"US10_CL_03","US10","Léxica","CL","Definition of website account","an identity record that can later be used to sign in","A website account is an identity record that can later be used to sign in.","Necessária/bloqueante"
"US10_CO_01","US10","Operacional","CO","Required data or conditions for form","The form requires name, email address, password, selected camp, and acceptance of required terms","The form requires name, email address, password, selected camp, and acceptance of required terms.","Necessária/bloqueante"
"US10_CO_02","US10","Operacional","CO","Operational rule governing email address","The email address must not already belong to another account","The email address must not already belong to another account.","Necessária/bloqueante"
"US10_CO_03","US10","Operacional","CO","Operational rule governing successful submission","A successful submission creates a pending registration and sends an email-verification message","A successful submission creates a pending registration and sends an email-verification message.","Necessária/bloqueante"
"US10_CD_01","US10","Decisória","CD","Rationale for selecting One combined form","One combined form was selected to avoid separate account-creation and camp-registration flows","One combined form was selected to avoid separate account-creation and camp-registration flows.","Útil/não bloqueante"
"US10_CD_02","US10","Decisória","CD","Prior decision or rationale concerning Email verification is required before the account and registration become active","Email verification is required before the account and registration become active","Email verification is required before the account and registration become active.","Útil/não bloqueante"
"US10_CD_03","US10","Decisória","CD","Decision on the interpretation of Registration data","Registration data is not treated as confirmed attendance until verification is completed","Registration data is not treated as confirmed attendance until verification is completed.","Útil/não bloqueante"
"US10_CS_01","US10","Sistêmica","CS","Component responsible for creating the pending registration","The Registration Service validates the selected camp and creates the pending registration","The Registration Service validates the selected camp and creates the pending registration.","Necessária/bloqueante"
"US10_CS_02","US10","Sistêmica","CS","Component responsible for creating the pending website account","The Identity Service creates the pending website account","The Identity Service creates the pending website account.","Necessária/bloqueante"
"US10_CS_03","US10","Sistêmica","CS","Component responsible for delivering the verification link and reports delivery status","The Email Service sends the verification link and reports delivery status","The Email Service sends the verification link and reports delivery status.","Útil/não bloqueante"
"US11_CL_01","US11","Léxica","CL","Definition of picture","an image captured by the device camera or selected from local storage","A picture is an image captured by the device camera or selected from local storage.","Necessária/bloqueante"
"US11_CL_02","US11","Léxica","CL","Definition of related video","a catalog video whose visual concepts are similar to those detected in the picture","A related video is a catalog video whose visual concepts are similar to those detected in the picture.","Necessária/bloqueante"
"US11_CL_03","US11","Léxica","CL","Definition of Visual similarity","similarity between extracted objects, scenes, and visual embeddings","Visual similarity is similarity between extracted objects, scenes, and visual embeddings.","Necessária/bloqueante"
"US11_CO_01","US11","Operacional","CO","Maximum limit applicable to system","The system accepts JPEG, PNG, and WebP images up to 10 MB","The system accepts JPEG, PNG, and WebP images up to 10 MB.","Necessária/bloqueante"
"US11_CO_02","US11","Operacional","CO","Maximum limit applicable to system analyzes the image and","The system analyzes the image and returns up to 20 eligible videos ranked by visual similarity","The system analyzes the image and returns up to 20 eligible videos ranked by visual similarity.","Necessária/bloqueante"
"US11_CO_03","US11","Operacional","CO","System behavior when no usable visual features are detected","If no usable visual features are detected, the user receives an explanation instead of unrelated recommendations","If no usable visual features are detected, the user receives an explanation instead of unrelated recommendations.","Necessária/bloqueante"
"US11_CD_01","US11","Decisória","CD","Rationale for selecting Visual content","Visual content was selected as the recommendation signal instead of file names or image metadata","Visual content was selected as the recommendation signal instead of file names or image metadata.","Útil/não bloqueante"
"US11_CD_02","US11","Decisória","CD","Decision to exclude Face identification is excluded from the feature","Face identification is excluded from the feature","Face identification is excluded from the feature.","Útil/não bloqueante"
"US11_CD_03","US11","Decisória","CD","Prior decision or rationale concerning uploaded image is deleted after feature extraction and is not retained in the user's profile","The uploaded image is deleted after feature extraction and is not retained in the user's profile","The uploaded image is deleted after feature extraction and is not retained in the user's profile.","Útil/não bloqueante"
"US11_CS_01","US11","Sistêmica","CS","Source of the image to the Image Analysis Service","The Capture and Upload component supplies the image to the Image Analysis Service","The Capture and Upload component supplies the image to the Image Analysis Service.","Necessária/bloqueante"
"US11_CS_02","US11","Sistêmica","CS","System responsibility or dependency involving Image Analysis Service produces visual features for the Recommendation Engine","The Image Analysis Service produces visual features for the Recommendation Engine","The Image Analysis Service produces visual features for the Recommendation Engine.","Necessária/bloqueante"
"US11_CS_03","US11","Sistêmica","CS","Source of eligible videos and metadata, while the results are displayed in the recommendation interface","The Video Catalog supplies eligible videos and metadata, while the results are displayed in the recommendation interface","The Video Catalog supplies eligible videos and metadata, while the results are displayed in the recommendation interface.","Necessária/bloqueante"
"US12_CL_01","US12","Léxica","CL","Definition of subject","an item presented to volunteers for classification","A subject is an item presented to volunteers for classification.","Necessária/bloqueante"
"US12_CL_02","US12","Léxica","CL","Definition of annotation","a structured volunteer response associated with a subject","An annotation is a structured volunteer response associated with a subject.","Necessária/bloqueante"
"US12_CL_03","US12","Léxica","CL","Definition of scientist prompt","a notification requesting expert review of a subject","A scientist prompt is a notification requesting expert review of a subject.","Necessária/bloqueante"
"US12_CO_01","US12","Operacional","CO","Minimum threshold applicable to subject","A subject becomes eligible for review after at least 20 annotations have been collected","A subject becomes eligible for review after at least 20 annotations have been collected.","Necessária/bloqueante"
"US12_CO_02","US12","Operacional","CO","Minimum threshold applicable to prompt","A prompt is triggered when the annotation-disagreement score exceeds 0.40 or when at least three Talk comments are flagged as requesting expert attention","A prompt is triggered when the annotation-disagreement score exceeds 0.40 or when at least three Talk comments are flagged as requesting expert attention.","Necessária/bloqueante"
"US12_CO_03","US12","Operacional","CO","Authorization rule for scientist","A scientist may dismiss the prompt, mark the subject as reviewed, or request additional volunteer classifications","A scientist may dismiss the prompt, mark the subject as reviewed, or request additional volunteer classifications.","Necessária/bloqueante"
"US12_CD_01","US12","Decisória","CD","Prior decision or rationale concerning Annotation evidence and Talk evidence were combined so that structured disagreement and qualitative concerns can both surface a subject","Annotation evidence and Talk evidence were combined so that structured disagreement and qualitative concerns can both surface a subject","Annotation evidence and Talk evidence were combined so that structured disagreement and qualitative concerns can both surface a subject.","Útil/não bloqueante"
"US12_CD_02","US12","Decisória","CD","Prior decision or rationale concerning scientist remains responsible for the final interpretation; the system does not automatically resolve or retire the subject","The scientist remains responsible for the final interpretation; the system does not automatically resolve or retire the subject","The scientist remains responsible for the final interpretation; the system does not automatically resolve or retire the subject.","Útil/não bloqueante"
"US12_CD_03","US12","Decisória","CD","Rationale for selecting Fixed thresholds","Fixed thresholds were selected for the experiment to make the trigger rule explicit and reproducible","Fixed thresholds were selected for the experiment to make the trigger rule explicit and reproducible.","Útil/não bloqueante"
"US12_CS_01","US12","Sistêmica","CS","Source of counts and disagreement measures","The Annotation Service provides counts and disagreement measures","The Annotation Service provides counts and disagreement measures.","Necessária/bloqueante"
"US12_CS_02","US12","Sistêmica","CS","Source of comments and moderation flags associated with the subject","The Talk Service provides comments and moderation flags associated with the subject","The Talk Service provides comments and moderation flags associated with the subject.","Necessária/bloqueante"
"US12_CS_03","US12","Sistêmica","CS","Component responsible for creating prompts that are delivered to the Scientist Dashboard and Notification Service","The Review Rule Engine creates prompts that are delivered to the Scientist Dashboard and Notification Service","The Review Rule Engine creates prompts that are delivered to the Scientist Dashboard and Notification Service.","Útil/não bloqueante"
"US13_CL_01","US13","Léxica","CL","Definition of Previous participation","the volunteer's history of completed classifications and project interactions","Previous participation is the volunteer's history of completed classifications and project interactions.","Necessária/bloqueante"
"US13_CL_02","US13","Léxica","CL","Definition of suitable project","an open project whose task characteristics align with the volunteer's prior activity","A suitable project is an open project whose task characteristics align with the volunteer's prior activity.","Necessária/bloqueante"
"US13_CL_03","US13","Léxica","CL","Definition of project recommendation","a ranked suggestion, not an automatic project enrollment","A project recommendation is a ranked suggestion, not an automatic project enrollment.","Necessária/bloqueante"
"US13_CO_01","US13","Operacional","CO","Eligibility rule for Only active projects that","Only active projects that accept new volunteers may be recommended","Only active projects that accept new volunteers may be recommended.","Necessária/bloqueante"
"US13_CO_02","US13","Operacional","CO","Maximum limit applicable to system","The system ranks projects using shared task types, subject domains, and prior completion patterns, and displays up to five recommendations","The system ranks projects using shared task types, subject domains, and prior completion patterns, and displays up to five recommendations.","Necessária/bloqueante"
"US13_CO_03","US13","Operacional","CO","Operational rule governing Volunteers with no history","Volunteers with no history receive a general list of currently active projects","Volunteers with no history receive a general list of currently active projects.","Necessária/bloqueante"
"US13_CD_01","US13","Decisória","CD","Rationale for selecting Participation history","Participation history was selected instead of demographic attributes as the basis for personalization","Participation history was selected instead of demographic attributes as the basis for personalization.","Útil/não bloqueante"
"US13_CD_02","US13","Decisória","CD","Decision on user control over personalization","Volunteers may opt out of personalized recommendations","Volunteers may opt out of personalized recommendations.","Útil/não bloqueante"
"US13_CD_03","US13","Decisória","CD","Prior decision or rationale concerning Recommendations are intended to support discovery and do not restrict access to other projects","Recommendations are intended to support discovery and do not restrict access to other projects","Recommendations are intended to support discovery and do not restrict access to other projects.","Útil/não bloqueante"
"US13_CS_01","US13","Sistêmica","CS","Source of participation history and preference settings","The Volunteer Profile Service provides participation history and preference settings","The Volunteer Profile Service provides participation history and preference settings.","Necessária/bloqueante"
"US13_CS_02","US13","Sistêmica","CS","Source of project status, task types, and subject domains","The Project Catalog provides project status, task types, and subject domains","The Project Catalog provides project status, task types, and subject domains.","Necessária/bloqueante"
"US13_CS_03","US13","Sistêmica","CS","Component responsible for delivering the results to the volunteer home page","The Recommendation Engine ranks projects and sends the results to the volunteer home page","The Recommendation Engine ranks projects and sends the results to the volunteer home page.","Necessária/bloqueante"
"US14_CL_01","US14","Léxica","CL","Definition of safe-disposal event","a scheduled collection event for materials that require controlled handling","A safe-disposal event is a scheduled collection event for materials that require controlled handling.","Necessária/bloqueante"
"US14_CL_02","US14","Léxica","CL","Meaning and scope of upcoming event has a start time later than the current time and has not been cancelled","An upcoming event has a start time later than the current time and has not been cancelled","An upcoming event has a start time later than the current time and has not been cancelled.","Necessária/bloqueante"
"US14_CL_03","US14","Léxica","CL","Definition of user's area","the location supplied for the current event search","The user's area is the location supplied for the current event search.","Necessária/bloqueante"
"US14_CO_01","US14","Operacional","CO","Eligibility rule for Only published, verified, and non-cancelled events","Only published, verified, and non-cancelled events are displayed","Only published, verified, and non-cancelled events are displayed.","Necessária/bloqueante"
"US14_CO_02","US14","Operacional","CO","Eligibility rule for Events within 50 miles of the search location","Events within 50 miles of the search location are eligible","Events within 50 miles of the search location are eligible.","Necessária/bloqueante"
"US14_CO_03","US14","Operacional","CO","Ordering or ranking rule for Results","Results are ordered first by event date and then by distance","Results are ordered first by event date and then by distance.","Necessária/bloqueante"
"US14_CD_01","US14","Decisória","CD","Prior decision or rationale concerning Event information is available without requiring an account","Event information is available without requiring an account","Event information is available without requiring an account.","Útil/não bloqueante"
"US14_CD_02","US14","Decisória","CD","Prior decision or rationale concerning search location is used for the current request and is not stored as a permanent user profile value","The search location is used for the current request and is not stored as a permanent user profile value","The search location is used for the current request and is not stored as a permanent user profile value.","Útil/não bloqueante"
"US14_CD_03","US14","Decisória","CD","Decision on authorization: Only events approved by a platform administrator are considered verified","Only events approved by a platform administrator are considered verified","Only events approved by a platform administrator are considered verified.","Útil/não bloqueante"
"US14_CS_01","US14","Sistêmica","CS","Component responsible for storing event dates, locations, accepted materials, and publication status","The Event Management Service stores event dates, locations, accepted materials, and publication status","The Event Management Service stores event dates, locations, accepted materials, and publication status.","Necessária/bloqueante"
"US14_CS_02","US14","Sistêmica","CS","Component responsible for processing the distance between the search location and each event","The Location Resolution Service calculates the distance between the search location and each event","The Location Resolution Service calculates the distance between the search location and each event.","Necessária/bloqueante"
"US14_CS_03","US14","Sistêmica","CS","System interface for the filtered and ordered results","The Public Events Page receives the filtered and ordered results","The Public Events Page receives the filtered and ordered results.","Necessária/bloqueante"
"US15_CL_01","US15","Léxica","CL","Definition of Onboarding","the process of creating, verifying, and publishing a recycling center's platform record","Onboarding is the process of creating, verifying, and publishing a recycling center's platform record.","Necessária/bloqueante"
"US15_CL_02","US15","Léxica","CL","Definition of recycling center","an organization with a physical collection location","A recycling center is an organization with a physical collection location.","Necessária/bloqueante"
"US15_CL_03","US15","Léxica","CL","Definition of verified center","a center whose identity and contact information have been confirmed","A verified center is a center whose identity and contact information have been confirmed.","Necessária/bloqueante"
"US15_CO_01","US15","Operacional","CO","Required data or conditions for administrator","The administrator must provide the center's name, address, contact details, operating hours, and accepted materials","The administrator must provide the center's name, address, contact details, operating hours, and accepted materials.","Necessária/bloqueante"
"US15_CO_02","US15","Operacional","CO","Conflict-handling rule for system","The system checks for possible duplicate facilities using name and address before creating a record","The system checks for possible duplicate facilities using name and address before creating a record.","Necessária/bloqueante"
"US15_CO_03","US15","Operacional","CO","Time constraint applicable to new center","A new center remains in pending status until verification is completed","A new center remains in pending status until verification is completed.","Necessária/bloqueante"
"US15_CD_01","US15","Decisória","CD","Rationale for selecting Administrator-led onboarding","Administrator-led onboarding was selected for the initial release instead of unrestricted facility self-registration","Administrator-led onboarding was selected for the initial release instead of unrestricted facility self-registration.","Útil/não bloqueante"
"US15_CD_02","US15","Decisória","CD","Prior decision or rationale concerning Verification is required before a center becomes visible to users","Verification is required before a center becomes visible to users","Verification is required before a center becomes visible to users.","Útil/não bloqueante"
"US15_CD_03","US15","Decisória","CD","Prior decision or rationale concerning Duplicate review is performed before record creation to avoid conflicting public profiles","Duplicate review is performed before record creation to avoid conflicting public profiles","Duplicate review is performed before record creation to avoid conflicting public profiles.","Útil/não bloqueante"
"US15_CS_01","US15","Sistêmica","CS","System responsibility or dependency involving Onboarding Workflow coordinates data entry","The Onboarding Workflow coordinates data entry, duplicate checking, verification, and publication","The Onboarding Workflow coordinates data entry, duplicate checking, verification, and publication.","Necessária/bloqueante"
"US15_CS_02","US15","Sistêmica","CS","Component responsible for storing pending and published center records","The Facility Directory stores pending and published center records","The Facility Directory stores pending and published center records.","Necessária/bloqueante"
"US15_CS_03","US15","Sistêmica","CS","Component responsible for storing and Notification Service support verification evidence and communication with the center","The Document Store and Notification Service support verification evidence and communication with the center","The Document Store and Notification Service support verification evidence and communication with the center.","Útil/não bloqueante"
"US16_CL_01","US16","Léxica","CL","Definition of round","one estimation cycle for one item","A round is one estimation cycle for one item.","Necessária/bloqueante"
"US16_CL_02","US16","Léxica","CL","Definition of item","the text that participants will estimate during the round","An item is the text that participants will estimate during the round.","Necessária/bloqueante"
"US16_CL_03","US16","Léxica","CL","Definition of multiline text field","one input control that accepts line breaks","A multiline text field is one input control that accepts line breaks.","Necessária/bloqueante"
"US16_CO_01","US16","Operacional","CO","Maximum limit applicable to item","The item must contain at least one non-whitespace character and may contain up to 5,000 characters","The item must contain at least one non-whitespace character and may contain up to 5,000 characters.","Necessária/bloqueante"
"US16_CO_02","US16","Operacional","CO","Lifecycle rule for Starting the round","Starting the round locks the item text and opens estimate submission for active estimators","Starting the round locks the item text and opens estimate submission for active estimators.","Necessária/bloqueante"
"US16_CO_03","US16","Operacional","CO","Lifecycle rule for moderator","The moderator must cancel the current round before replacing the item with different text","The moderator must cancel the current round before replacing the item with different text.","Necessária/bloqueante"
"US16_CD_01","US16","Decisória","CD","Rationale for selecting single free-text field","A single free-text field was selected instead of a structured story form to support different estimation content","A single free-text field was selected instead of a structured story form to support different estimation content.","Útil/não bloqueante"
"US16_CD_02","US16","Decisória","CD","Decision on authorization: Only the moderator may start a round","Only the moderator may start a round","Only the moderator may start a round.","Útil/não bloqueante"
"US16_CD_03","US16","Decisória","CD","Rationale for rejecting Editing after the round starts","Editing after the round starts was rejected because it could invalidate estimates already submitted","Editing after the round starts was rejected because it could invalidate estimates already submitted.","Útil/não bloqueante"
"US16_CS_01","US16","Sistêmica","CS","System responsibility or dependency involving Moderator Interface collects the item text and start action","The Moderator Interface collects the item text and start action","The Moderator Interface collects the item text and start action.","Necessária/bloqueante"
"US16_CS_02","US16","Sistêmica","CS","Component responsible for creating the round and associates the item with it","The Game Service creates the round and associates the item with it","The Game Service creates the round and associates the item with it.","Necessária/bloqueante"
"US16_CS_03","US16","Sistêmica","CS","Component responsible for delivering active estimators that a new round is available","The Realtime Gateway notifies active estimators that a new round is available","The Realtime Gateway notifies active estimators that a new round is available.","Necessária/bloqueante"
"US17_CL_01","US17","Léxica","CL","Definition of local time zone","the IANA time-zone identifier associated with the moderator","A local time zone is the IANA time-zone identifier associated with the moderator.","Necessária/bloqueante"
"US17_CL_02","US17","Léxica","CL","Definition of event timestamp","a stored date-and-time value associated with a game action","An event timestamp is a stored date-and-time value associated with a game action.","Necessária/bloqueante"
"US17_CL_03","US17","Léxica","CL","Definition of Display time","the localized representation shown in the user interface","Display time is the localized representation shown in the user interface.","Necessária/bloqueante"
"US17_CO_01","US17","Operacional","CO","Operational rule governing Timestamps","Timestamps are stored in UTC and converted when displayed","Timestamps are stored in UTC and converted when displayed.","Necessária/bloqueante"
"US17_CO_02","US17","Operacional","CO","Operational rule governing profile time zone","The profile time zone is used when available; otherwise, the browser time zone is used for the current session","The profile time zone is used when available; otherwise, the browser time zone is used for the current session.","Necessária/bloqueante"
"US17_CO_03","US17","Operacional","CO","Operational rule governing Displayed dates","Displayed dates include the time-zone abbreviation and account for daylight-saving transitions","Displayed dates include the time-zone abbreviation and account for daylight-saving transitions.","Necessária/bloqueante"
"US17_CD_01","US17","Decisória","CD","Rationale for selecting UTC","UTC was selected as the storage representation to keep persisted timestamps consistent","UTC was selected as the storage representation to keep persisted timestamps consistent.","Útil/não bloqueante"
"US17_CD_02","US17","Decisória","CD","Rationale for selecting profile time zone","The profile time zone was selected as the preferred source so displays remain consistent across devices","The profile time zone was selected as the preferred source so displays remain consistent across devices.","Útil/não bloqueante"
"US17_CD_03","US17","Decisória","CD","Decision to keep Manual per-screen time-zone conversion controls outside scope","Manual per-screen time-zone conversion controls are outside the initial scope","Manual per-screen time-zone conversion controls are outside the initial scope.","Útil/não bloqueante"
"US17_CS_01","US17","Sistêmica","CS","Source of the moderator's configured time zone","The User Profile Service provides the moderator's configured time zone","The User Profile Service provides the moderator's configured time zone.","Necessária/bloqueante"
"US17_CS_02","US17","Sistêmica","CS","Component responsible for processing stored UTC timestamps for display","The Time Conversion component converts stored UTC timestamps for display","The Time Conversion component converts stored UTC timestamps for display.","Necessária/bloqueante"
"US17_CS_03","US17","Sistêmica","CS","Component responsible for storing and exchange UTC timestamps","Game and audit services continue to store and exchange UTC timestamps","Game and audit services continue to store and exchange UTC timestamps.","Útil/não bloqueante"
"US18_CL_01","US18","Léxica","CL","Definition of estimator","a participant who can submit estimates in a game","An estimator is a participant who can submit estimates in a game.","Necessária/bloqueante"
"US18_CL_02","US18","Léxica","CL","Definition of invitation page","the page opened from a valid game invitation URL","The invitation page is the page opened from a valid game invitation URL.","Necessária/bloqueante"
"US18_CL_03","US18","Léxica","CL","Definition of display name","the name shown to other participants within the game","A display name is the name shown to other participants within the game.","Necessária/bloqueante"
"US18_CO_01","US18","Operacional","CO","Operational rule governing invitation URL","The invitation URL must refer to an active game","The invitation URL must refer to an active game.","Necessária/bloqueante"
"US18_CO_02","US18","Operacional","CO","Required data or conditions for The","The display name must contain 1 to 40 visible characters and must be unique among current participants","The display name must contain 1 to 40 visible characters and must be unique among current participants.","Necessária/bloqueante"
"US18_CO_03","US18","Operacional","CO","Authorization rule for After successful submission, the estimator","After successful submission, the estimator is added to the game lobby and may participate in open rounds","After successful submission, the estimator is added to the game lobby and may participate in open rounds.","Necessária/bloqueante"
"US18_CD_01","US18","Decisória","CD","Rationale for selecting Display-name-only entry","Display-name-only entry was selected to reduce joining friction","Display-name-only entry was selected to reduce joining friction.","Útil/não bloqueante"
"US18_CD_02","US18","Decisória","CD","Prior decision or rationale concerning Duplicate display names are rejected to avoid ambiguity during the game","Duplicate display names are rejected to avoid ambiguity during the game","Duplicate display names are rejected to avoid ambiguity during the game.","Útil/não bloqueante"
"US18_CD_03","US18","Decisória","CD","Prior decision or rationale concerning Possession of the invitation link grants estimator access but does not grant moderator permissions","Possession of the invitation link grants estimator access but does not grant moderator permissions","Possession of the invitation link grants estimator access but does not grant moderator permissions.","Útil/não bloqueante"
"US18_CS_01","US18","Sistêmica","CS","Component responsible for validating the URL token and game status","The Invitation Service validates the URL token and game status","The Invitation Service validates the URL token and game status.","Necessária/bloqueante"
"US18_CS_02","US18","Sistêmica","CS","Component responsible for storing the display name","The Participant Registry checks and stores the display name","The Participant Registry checks and stores the display name.","Necessária/bloqueante"
"US18_CS_03","US18","Sistêmica","CS","Component responsible for delivering the updated participant list","The Lobby Service adds the estimator and broadcasts the updated participant list","The Lobby Service adds the estimator and broadcasts the updated participant list.","Necessária/bloqueante"
"US19_CL_01","US19","Léxica","CL","Definition of attendee","a person eligible to register for training","An attendee is a person eligible to register for training.","Necessária/bloqueante"
"US19_CL_02","US19","Léxica","CL","Definition of training waitlist","an ordered list for a class that has no available places","A training waitlist is an ordered list for a class that has no available places.","Necessária/bloqueante"
"US19_CL_03","US19","Léxica","CL","Definition of available place","a seat released or added after the class reached capacity","An available place is a seat released or added after the class reached capacity.","Necessária/bloqueante"
"US19_CO_01","US19","Operacional","CO","Authorization rule for attendee","An attendee may join the waitlist only while registration is open and the class is full","An attendee may join the waitlist only while registration is open and the class is full.","Necessária/bloqueante"
"US19_CO_02","US19","Operacional","CO","Ordering or ranking rule for Waitlist","Waitlist order is based on the timestamp of successful entry","Waitlist order is based on the timestamp of successful entry.","Necessária/bloqueante"
"US19_CO_03","US19","Operacional","CO","System behavior when a place becomes available","When a place becomes available, the first eligible attendee is notified and has 24 hours to accept it","When a place becomes available, the first eligible attendee is notified and has 24 hours to accept it.","Necessária/bloqueante"
"US19_CD_01","US19","Decisória","CD","Rationale for selecting First-come, first-served ordering","First-come, first-served ordering was selected because it is transparent and easy to audit","First-come, first-served ordering was selected because it is transparent and easy to audit.","Útil/não bloqueante"
"US19_CD_02","US19","Decisória","CD","Prior decision or rationale concerning waitlist notification does not automatically enroll the attendee","A waitlist notification does not automatically enroll the attendee","A waitlist notification does not automatically enroll the attendee.","Útil/não bloqueante"
"US19_CD_03","US19","Decisória","CD","Prior decision or rationale concerning Coordinators may remove entries that are duplicates or no longer eligible","Coordinators may remove entries that are duplicates or no longer eligible, with a recorded reason","Coordinators may remove entries that are duplicates or no longer eligible, with a recorded reason.","Útil/não bloqueante"
"US19_CS_01","US19","Sistêmica","CS","Source of class capacity, registration status, and eligibility rules","The Training Catalog provides class capacity, registration status, and eligibility rules","The Training Catalog provides class capacity, registration status, and eligibility rules.","Necessária/bloqueante"
"US19_CS_02","US19","Sistêmica","CS","Component responsible for storing the ordered entries and identifies the next eligible attendee","The Waitlist Service stores the ordered entries and identifies the next eligible attendee","The Waitlist Service stores the ordered entries and identifies the next eligible attendee.","Necessária/bloqueante"
"US19_CS_03","US19","Sistêmica","CS","Component responsible for delivering the offer, and the Enrollment Service confirms acceptance","The Notification Service sends the offer, and the Enrollment Service confirms acceptance","The Notification Service sends the offer, and the Enrollment Service confirms acceptance.","Útil/não bloqueante"
"US20_CL_01","US20","Léxica","CL","Definition of summit coordinator","a user assigned to manage a specific summit","A summit coordinator is a user assigned to manage a specific summit.","Necessária/bloqueante"
"US20_CL_02","US20","Léxica","CL","Definition of registered attendee","a person with a confirmed registration for that summit","A registered attendee is a person with a confirmed registration for that summit.","Necessária/bloqueante"
"US20_CL_03","US20","Léxica","CL","Definition of attendee list","a coordinator view containing permitted contact and registration fields","The attendee list is a coordinator view containing permitted contact and registration fields.","Necessária/bloqueante"
"US20_CO_01","US20","Operacional","CO","Operational rule governing list","The list includes attendee name, email address, registration status, and registration date","The list includes attendee name, email address, registration status, and registration date.","Necessária/bloqueante"
"US20_CO_02","US20","Operacional","CO","Eligibility rule for Only confirmed attendees who","Only confirmed attendees who have not opted out of event communication are available for bulk email","Only confirmed attendees who have not opted out of event communication are available for bulk email.","Necessária/bloqueante"
"US20_CO_03","US20","Operacional","CO","Eligibility rule for coordinator","The coordinator may email all eligible attendees or a selected subset","The coordinator may email all eligible attendees or a selected subset.","Necessária/bloqueante"
"US20_CD_01","US20","Decisória","CD","Prior decision or rationale concerning Email addresses are visible only to coordinators assigned to the summit","Email addresses are visible only to coordinators assigned to the summit","Email addresses are visible only to coordinators assigned to the summit.","Útil/não bloqueante"
"US20_CD_02","US20","Decisória","CD","Prior decision or rationale concerning Bulk messages are sent through the platform rather than exposing recipients to one another","Bulk messages are sent through the platform rather than exposing recipients to one another","Bulk messages are sent through the platform rather than exposing recipients to one another.","Útil/não bloqueante"
"US20_CD_03","US20","Decisória","CD","Rationale for choosing list reflects current registration status","The list reflects current registration status instead of a manually maintained copy","The list reflects current registration status instead of a manually maintained copy.","Útil/não bloqueante"
"US20_CS_01","US20","Sistêmica","CS","Source of attendees and registration status","The Registration Service provides attendees and registration status","The Registration Service provides attendees and registration status.","Necessária/bloqueante"
"US20_CS_02","US20","Sistêmica","CS","Component responsible for validating that the coordinator is assigned to the summit","The Authorization Service verifies that the coordinator is assigned to the summit","The Authorization Service verifies that the coordinator is assigned to the summit.","Necessária/bloqueante"
"US20_CS_03","US20","Sistêmica","CS","Component responsible for storing delivery outcomes without exposing recipient addresses","The Email Service sends messages and records delivery outcomes without exposing recipient addresses","The Email Service sends messages and records delivery outcomes without exposing recipient addresses.","Útil/não bloqueante"
"US21_CL_01","US21","Léxica","CL","Definition of building","a named structure within the event venue","A building is a named structure within the event venue.","Necessária/bloqueante"
"US21_CL_02","US21","Léxica","CL","Definition of room","a named space located inside a building","A room is a named space located inside a building.","Necessária/bloqueante"
"US21_CL_03","US21","Léxica","CL","Definition of venue map","a visual representation linking buildings, rooms, entrances, and paths","A venue map is a visual representation linking buildings, rooms, entrances, and paths.","Necessária/bloqueante"
"US21_CO_01","US21","Operacional","CO","Operational rule governing map","The map must allow attendees to search by building, room, or scheduled class","The map must allow attendees to search by building, room, or scheduled class.","Necessária/bloqueante"
"US21_CO_02","US21","Operacional","CO","Authorization rule for Selecting a class highlights its assigned building and room","Selecting a class highlights its assigned building and room","Selecting a class highlights its assigned building and room.","Necessária/bloqueante"
"US21_CO_03","US21","Operacional","CO","Operational rule governing map","The map displays public entrances and accessible routes when those data are available","The map displays public entrances and accessible routes when those data are available.","Necessária/bloqueante"
"US21_CD_01","US21","Decisória","CD","Rationale for selecting Organizer-provided venue plans","Organizer-provided venue plans were selected as the authoritative source","Organizer-provided venue plans were selected as the authoritative source.","Útil/não bloqueante"
"US21_CD_02","US21","Decisória","CD","Rationale for selecting Interactive markers over static floor plans","Interactive markers over static floor plans were selected for the initial version","Interactive markers over static floor plans were selected for the initial version.","Útil/não bloqueante"
"US21_CD_03","US21","Decisória","CD","Decision to keep Real-time indoor positioning and turn-by-turn indoor navigation outside scope","Real-time indoor positioning and turn-by-turn indoor navigation are outside the initial scope","Real-time indoor positioning and turn-by-turn indoor navigation are outside the initial scope.","Útil/não bloqueante"
"US21_CS_01","US21","Sistêmica","CS","Source of building, room, entrance, and map-location data","The Venue Catalog supplies building, room, entrance, and map-location data","The Venue Catalog supplies building, room, entrance, and map-location data.","Necessária/bloqueante"
"US21_CS_02","US21","Sistêmica","CS","Source of the room assigned to each attendee's class","The Schedule Service supplies the room assigned to each attendee's class","The Schedule Service supplies the room assigned to each attendee's class.","Necessária/bloqueante"
"US21_CS_03","US21","Sistêmica","CS","Dependency used by The Map Interface to obtain map assets from the Content Delivery Service and displays the highlighted location","The Map Interface retrieves map assets from the Content Delivery Service and displays the highlighted location","The Map Interface retrieves map assets from the Content Delivery Service and displays the highlighted location.","Útil/não bloqueante"
"US22_CL_01","US22","Léxica","CL","Definition of user profile","the set of declared interests and recorded content interactions associated with a user","A user profile is the set of declared interests and recorded content interactions associated with a user.","Necessária/bloqueante"
"US22_CL_02","US22","Léxica","CL","Definition of Similar profiles","profiles with comparable interest and interaction patterns","Similar profiles are profiles with comparable interest and interaction patterns.","Necessária/bloqueante"
"US22_CL_03","US22","Léxica","CL","Definition of content recommendation","a ranked suggestion from the eligible content catalog","A content recommendation is a ranked suggestion from the eligible content catalog.","Necessária/bloqueante"
"US22_CO_01","US22","Operacional","CO","Operational rule governing Similarity","Similarity is calculated from shared interests, viewed content, saved content, and positive feedback","Similarity is calculated from shared interests, viewed content, saved content, and positive feedback.","Necessária/bloqueante"
"US22_CO_02","US22","Operacional","CO","Maximum limit applicable to system","The system returns up to ten eligible items that the current user has not already dismissed","The system returns up to ten eligible items that the current user has not already dismissed.","Necessária/bloqueante"
"US22_CO_03","US22","Operacional","CO","Operational rule governing Users with insufficient history","Users with insufficient history receive non-personalized popular content instead","Users with insufficient history receive non-personalized popular content instead.","Necessária/bloqueante"
"US22_CD_01","US22","Decisória","CD","Decision to exclude Demographic attributes","Demographic attributes were excluded from profile similarity","Demographic attributes were excluded from profile similarity.","Útil/não bloqueante"
"US22_CD_02","US22","Decisória","CD","Rationale for selecting Collaborative behavioral similarity","Collaborative behavioral similarity was selected as the primary recommendation approach","Collaborative behavioral similarity was selected as the primary recommendation approach.","Útil/não bloqueante"
"US22_CD_03","US22","Decisória","CD","Decision on user control over personalization","Users may disable the use of their interaction history for personalized recommendations","Users may disable the use of their interaction history for personalized recommendations.","Útil/não bloqueante"
"US22_CS_01","US22","Sistêmica","CS","Source of declared interests and privacy settings","The Profile Service provides declared interests and privacy settings","The Profile Service provides declared interests and privacy settings.","Necessária/bloqueante"
"US22_CS_02","US22","Sistêmica","CS","Source of eligible behavioral events","The Interaction History Service provides eligible behavioral events","The Interaction History Service provides eligible behavioral events.","Necessária/bloqueante"
"US22_CS_03","US22","Sistêmica","CS","Component responsible for processing items from the Content Catalog","The Recommendation Engine compares profiles and ranks items from the Content Catalog","The Recommendation Engine compares profiles and ranks items from the Content Catalog.","Necessária/bloqueante"
"US23_CL_01","US23","Léxica","CL","Definition of news event","a verified occurrence described by one or more news reports","A news event is a verified occurrence described by one or more news reports.","Necessária/bloqueante"
"US23_CL_02","US23","Léxica","CL","Meaning of Relevant","that the event matches the user's interests and passes recency and proximity criteria","Relevant means that the event matches the user's interests and passes recency and proximity criteria.","Necessária/bloqueante"
"US23_CL_03","US23","Léxica","CL","Definition of user's area","the municipality associated with the user's profile","The user's area is the municipality associated with the user's profile.","Necessária/bloqueante"
"US23_CO_01","US23","Operacional","CO","Eligibility rule for Eligible events","Eligible events must have been published or updated within the previous 48 hours","Eligible events must have been published or updated within the previous 48 hours.","Necessária/bloqueante"
"US23_CO_02","US23","Operacional","CO","Ordering or ranking rule for Events","Events are ranked using topic match, recency, proximity, and source reliability, and the top ten are returned","Events are ranked using topic match, recency, proximity, and source reliability, and the top ten are returned.","Necessária/bloqueante"
"US23_CO_03","US23","Operacional","CO","Conflict-handling rule for Duplicate reports about the same event","Duplicate reports about the same event are grouped before recommendations are generated","Duplicate reports about the same event are grouped before recommendations are generated.","Necessária/bloqueante"
"US23_CD_01","US23","Decisória","CD","Rationale for selecting registered municipality","The registered municipality was selected instead of continuous GPS tracking as the source of user area","The registered municipality was selected instead of continuous GPS tracking as the source of user area.","Útil/não bloqueante"
"US23_CD_02","US23","Decisória","CD","Prior decision or rationale concerning Verified local sources are prioritized over unverified or purely syndicated sources","Verified local sources are prioritized over unverified or purely syndicated sources","Verified local sources are prioritized over unverified or purely syndicated sources.","Útil/não bloqueante"
"US23_CD_03","US23","Decisória","CD","Decision to separate These recommendations","These recommendations are separate from urgent breaking-news alerts","These recommendations are separate from urgent breaking-news alerts.","Útil/não bloqueante"
"US23_CS_01","US23","Sistêmica","CS","System responsibility or dependency involving News Ingestion Service collects reports and groups them into events","The News Ingestion Service collects reports and groups them into events","The News Ingestion Service collects reports and groups them into events.","Necessária/bloqueante"
"US23_CS_02","US23","Sistêmica","CS","Source of the user's municipality and declared interests","The Profile Service provides the user's municipality and declared interests","The Profile Service provides the user's municipality and declared interests.","Necessária/bloqueante"
"US23_CS_03","US23","Sistêmica","CS","Component responsible for delivering the selected content to the home feed","The Recommendation Engine ranks events and sends the selected content to the home feed","The Recommendation Engine ranks events and sends the selected content to the home feed.","Necessária/bloqueante"
