"Run_ID","US_ID","Condition","Question_ID","Question_Original","Source_File","Review_Status"
"US02_C0_R1","US02","C0","Q01","Which facility details must each search result display so the user can decide which facilities to consider? Answer in <=5 words.","runs/US02_C0_R1/output.md","Check"
"US02_C0_R1","US02","C0","Q02","What ZIP code formats are valid for search input? Answer in <=5 words.","runs/US02_C0_R1/output.md","Check"
"US02_C0_R1","US02","C0","Q03","What data source provides facility records and their active/verified status? Answer in <=5 words.","runs/US02_C0_R1/output.md","Check"
"US02_C0_R1","US02","C0","Q04","Should results include material types accepted by each facility? Answer: yes or no.","runs/US02_C0_R1/output.md","Check"
"US02_C0_R1","US02","C0","Q05","How should facilities at the same distance be ordered? Answer in <=5 words.","runs/US02_C0_R1/output.md","Check"
"US02_CD_R1","US02","CD","Q01","Should ZIP input accept only 5-digit U.S. ZIP codes, or also ZIP+4 format?","runs/US02_CD_R1/output.md","Check"
"US02_CD_R1","US02","CD","Q02","What facility details must appear in each result so users can decide which facilities to consider?","runs/US02_CD_R1/output.md","Check"
"US02_CD_R1","US02","CD","Q03","What should break ties when multiple facilities have the same calculated distance?","runs/US02_CD_R1/output.md","Check"
"US02_CD_R1","US02","CD","Q04","What user-facing outcome is required when a valid ZIP code cannot be geocoded?","runs/US02_CD_R1/output.md","Check"
"US02_CD_R1","US02","CD","Q05","What source of truth defines whether a facility is active and verified?","runs/US02_CD_R1/output.md","Check"
"US02_CD_R1","US02","CD","Q06","[NEEDS CLARIFICATION] Should ZIP input accept only 5-digit U.S. ZIP codes, or also ZIP+4 format?","runs/US02_CD_R1/output.md","Check"
"US02_CD_R1","US02","CD","Q07","[NEEDS CLARIFICATION] What facility details must appear in each result so users can decide which facilities to consider?","runs/US02_CD_R1/output.md","Check"
"US02_CD_R1","US02","CD","Q08","[NEEDS CLARIFICATION] What should break ties when multiple facilities have the same calculated distance?","runs/US02_CD_R1/output.md","Check"
"US02_CD_R1","US02","CD","Q09","[NEEDS CLARIFICATION] What user-facing outcome is required when a valid ZIP code cannot be geocoded?","runs/US02_CD_R1/output.md","Check"
"US02_CD_R1","US02","CD","Q10","[NEEDS CLARIFICATION] What source of truth defines whether a facility is active and verified?","runs/US02_CD_R1/output.md","Check"
"US02_CL_R1","US02","CL","Q01","What information must each facility result display? Options: A) name only, B) name + distance, C) name + address + distance, D) name + address + distance + contact details.","runs/US02_CL_R1/output.md","Check"
"US02_CL_R1","US02","CL","Q02","Which ZIP code formats are valid? Options: A) 5-digit US ZIP only, B) ZIP+4 accepted, C) both accepted but normalized to 5-digit.","runs/US02_CL_R1/output.md","Check"
"US02_CL_R1","US02","CL","Q03","What should determine ordering when multiple facilities have the same calculated distance? Answer in <=5 words.","runs/US02_CL_R1/output.md","Check"
"US02_CL_R1","US02","CL","Q04","What facility data source should searches use? Answer in <=5 words.","runs/US02_CL_R1/output.md","Check"
"US02_CL_R1","US02","CL","Q05","What should happen if the facility data source is unavailable during search? Options: A) show retryable error, B) show no results, C) use cached results, D) block search with maintenance message.","runs/US02_CL_R1/output.md","Check"
"US02_CO_R1","US02","CO","Q01","What facility details must appear in each search result so users can decide which facilities to consider? Answer in <=5 words.","runs/US02_CO_R1/output.md","Check"
"US02_CO_R1","US02","CO","Q02","Which ZIP code formats are valid: 5-digit only, ZIP+4, or both?","runs/US02_CO_R1/output.md","Check"
"US02_CO_R1","US02","CO","Q03","When multiple facilities have the same distance, how should ties be ordered? Answer in <=5 words.","runs/US02_CO_R1/output.md","Check"
"US02_CO_R1","US02","CO","Q04","What should happen if the facility directory or geocoding lookup is unavailable? Answer in <=5 words.","runs/US02_CO_R1/output.md","Check"
"US02_CO_R1","US02","CO","Q05","Does “active facilities” require only active status, or both active and verified status?","runs/US02_CO_R1/output.md","Check"
"US02_CO_R1","US02","CO","Q06","[NEEDS CLARIFICATION] Which ZIP code formats are valid: 5-digit only, ZIP+4, or both?","runs/US02_CO_R1/output.md","Check"
"US02_CO_R1","US02","CO","Q07","[NEEDS CLARIFICATION] Does “active facilities” require only active status, or both active and verified status?","runs/US02_CO_R1/output.md","Check"
"US02_CS_R1","US02","CS","Q01","What ZIP code formats must be accepted? Options: A) US 5-digit only B) US 5-digit and ZIP+4 C) Any postal code supported by geocoding service","runs/US02_CS_R1/output.md","Check"
"US02_CS_R1","US02","CS","Q02","What facility details must appear in each result so users can decide which facilities to consider? Answer in <=5 words.","runs/US02_CS_R1/output.md","Check"
"US02_CS_R1","US02","CS","Q03","If multiple facilities have the same calculated distance, how should they be ordered? Options: A) Alphabetically by facility name B) Most recently verified first C) Stable directory order","runs/US02_CS_R1/output.md","Check"
"US02_CS_R1","US02","CS","Q04","What should happen when the Geocoding Service or Facility Directory is unavailable? Options: A) Show temporary error, no results B) Show cached results if available C) Retry once, then error","runs/US02_CS_R1/output.md","Check"
"US02_CS_R1","US02","CS","Q05","Should the search include only general recycling facilities or filter by accepted material type? Options: A) General facilities only B) Require material-type filter C) Optional material-type filter","runs/US02_CS_R1/output.md","Check"
"US02_CT_R1","US02","CT","Q01","Which ZIP code formats must be accepted: 5-digit only, ZIP+4, or both?","runs/US02_CT_R1/output.md","Check"
"US02_CT_R1","US02","CT","Q02","What facility details must each search result display, such as name, address, distance, contact info, or accepted materials?","runs/US02_CT_R1/output.md","Check"
"US02_CT_R1","US02","CT","Q03","How should the system respond if the Geocoding Service or Facility Directory is unavailable?","runs/US02_CT_R1/output.md","Check"
"US02_CT_R1","US02","CT","Q04","How should facilities with the same calculated distance be ordered?","runs/US02_CT_R1/output.md","Check"
"US02_CT_R1","US02","CT","Q05","Should submitted ZIP codes or search activity be stored, and if so, for what purpose?","runs/US02_CT_R1/output.md","Check"
"US02_CT_R1","US02","CT","Q06","[NEEDS CLARIFICATION] Which ZIP code formats must be accepted: 5-digit only, ZIP+4, or both?","runs/US02_CT_R1/output.md","Check"
"US02_CT_R1","US02","CT","Q07","[NEEDS CLARIFICATION] What facility details must each search result display, such as name, address, distance, contact info, or accepted materials?","runs/US02_CT_R1/output.md","Check"
"US02_CT_R1","US02","CT","Q08","[NEEDS CLARIFICATION] How should the system respond if the Geocoding Service or Facility Directory is unavailable?","runs/US02_CT_R1/output.md","Check"
"US02_CT_R1","US02","CT","Q09","[NEEDS CLARIFICATION] How should facilities with the same calculated distance be ordered?","runs/US02_CT_R1/output.md","Check"
"US02_CT_R1","US02","CT","Q10","[NEEDS CLARIFICATION] Should submitted ZIP codes or search activity be stored, and if so, for what purpose?","runs/US02_CT_R1/output.md","Check"
"US08_C0_R1","US08","C0","Q01","When is the required estimator set fixed for a voting round: at round start, dynamically based on currently connected estimators, or only after each participant’s role is confirmed?","runs/US08_C0_R1/output.md","Check"
"US08_C0_R1","US08","C0","Q02","If an active estimator disconnects before submitting, should their absence immediately reduce the completion count and possibly trigger reveal?","runs/US08_C0_R1/output.md","Check"
"US08_C0_R1","US08","C0","Q03","Are spectators allowed to see revealed estimates once the reveal condition is met, or only active estimators and the moderator?","runs/US08_C0_R1/output.md","Check"
"US08_C0_R1","US08","C0","Q04","If the moderator closes voting when no estimates have been submitted, should the round enter a revealed/closed state with no estimates, or remain unrevealed?","runs/US08_C0_R1/output.md","Check"
"US08_C0_R1","US08","C0","Q05","After estimates are revealed, may late-joining or reconnected participants see the revealed estimates for that round?","runs/US08_C0_R1/output.md","Check"
"US08_C0_R1","US08","C0","Q06","[NEEDS CLARIFICATION] When is the required estimator set fixed for a voting round: at round start, dynamically based on currently connected estimators, or only after each participant’s role is confirmed?","runs/US08_C0_R1/output.md","Check"
"US08_C0_R1","US08","C0","Q07","[NEEDS CLARIFICATION] If an active estimator disconnects before submitting, should their absence immediately reduce the completion count and possibly trigger reveal?","runs/US08_C0_R1/output.md","Check"
"US08_C0_R1","US08","C0","Q08","[NEEDS CLARIFICATION] Are spectators allowed to see revealed estimates once the reveal condition is met, or only active estimators and the moderator?","runs/US08_C0_R1/output.md","Check"
"US08_C0_R1","US08","C0","Q09","[NEEDS CLARIFICATION] If the moderator closes voting when no estimates have been submitted, should the round enter a revealed/closed state with no estimates, or remain unrevealed?","runs/US08_C0_R1/output.md","Check"
"US08_C0_R1","US08","C0","Q10","[NEEDS CLARIFICATION] After estimates are revealed, may late-joining or reconnected participants see the revealed estimates for that round?","runs/US08_C0_R1/output.md","Check"
"US08_CD_R1","US08","CD","Q01","When is the set of “active estimators” determined for a voting round: at round start, dynamically from currently connected eligible participants, or another rule?","runs/US08_CD_R1/output.md","Check"
"US08_CD_R1","US08","CD","Q02","If an active estimator disconnects after submitting but before reveal, should their submitted estimate still be revealed?","runs/US08_CD_R1/output.md","Check"
"US08_CD_R1","US08","CD","Q03","If an estimator submits, disconnects, and later reconnects before reveal, should they count as submitted for completion?","runs/US08_CD_R1/output.md","Check"
"US08_CD_R1","US08","CD","Q04","Before reveal, may an estimator change or replace their hidden estimate, or is the first submission final?","runs/US08_CD_R1/output.md","Check"
"US08_CD_R1","US08","CD","Q05","When the moderator closes voting with no submitted estimates, should the round reveal an empty result, remain unrevealed, or enter a cancelled/closed state?","runs/US08_CD_R1/output.md","Check"
"US08_CD_R1","US08","CD","Q06","[NEEDS CLARIFICATION] When is the set of “active estimators” determined for a voting round: at round start, dynamically from currently connected eligible participants, or another rule?","runs/US08_CD_R1/output.md","Check"
"US08_CD_R1","US08","CD","Q07","[NEEDS CLARIFICATION] If an active estimator disconnects after submitting but before reveal, should their submitted estimate still be revealed?","runs/US08_CD_R1/output.md","Check"
"US08_CD_R1","US08","CD","Q08","[NEEDS CLARIFICATION] If an estimator submits, disconnects, and later reconnects before reveal, should they count as submitted for completion?","runs/US08_CD_R1/output.md","Check"
"US08_CD_R1","US08","CD","Q09","[NEEDS CLARIFICATION] Before reveal, may an estimator change or replace their hidden estimate, or is the first submission final?","runs/US08_CD_R1/output.md","Check"
"US08_CD_R1","US08","CD","Q10","[NEEDS CLARIFICATION] When the moderator closes voting with no submitted estimates, should the round reveal an empty result, remain unrevealed, or enter a cancelled/closed state?","runs/US08_CD_R1/output.md","Check"
"US08_CL_R1","US08","CL","Q01","If an active estimator disconnects after submitting but before reveal, should their submitted estimate still be revealed? Answer in <=5 words.","runs/US08_CL_R1/output.md","Check"
"US08_CL_R1","US08","CL","Q02","When an active estimator disconnects before submitting, should the system immediately exclude them and reveal if remaining active estimators are complete, or wait for moderator closure? Answer in <=5 words.","runs/US08_CL_R1/output.md","Check"
"US08_CL_R1","US08","CL","Q03","Should revealed estimates be visible to all participants, including spectators and later reconnecting participants, or only currently connected participants? Answer in <=5 words.","runs/US08_CL_R1/output.md","Check"
"US08_CL_R1","US08","CL","Q04","If the moderator closes voting when no estimates have been submitted, should the round enter a revealed/closed state or remain open? Answer in <=5 words.","runs/US08_CL_R1/output.md","Check"
"US08_CL_R1","US08","CL","Q05","After reveal, should attempted estimate changes be rejected with feedback, silently ignored, or treated as a request requiring a new round? Answer in <=5 words.","runs/US08_CL_R1/output.md","Check"
"US08_CO_R1","US08","CO","Q01","When an active estimator disconnects after submitting but before reveal, should their stored estimate still be revealed? Answer in <=5 words.","runs/US08_CO_R1/output.md","Check"
"US08_CO_R1","US08","CO","Q02","Is the active estimator set fixed at round start, or recalculated dynamically as participants connect/disconnect? Answer in <=5 words.","runs/US08_CO_R1/output.md","Check"
"US08_CO_R1","US08","CO","Q03","When the moderator closes voting with no submitted estimates, should the round enter a revealed/closed state or remain unrevealed? Answer in <=5 words.","runs/US08_CO_R1/output.md","Check"
"US08_CS_R1","US08","CS","Q01","Is the required estimator set fixed when a voting round starts, or recalculated from the Presence Service at reveal time?","runs/US08_CS_R1/output.md","Check"
"US08_CS_R1","US08","CS","Q02","If an estimator disconnects before submitting, should their missing estimate immediately stop blocking reveal, or only after the moderator closes voting?","runs/US08_CS_R1/output.md","Check"
"US08_CS_R1","US08","CS","Q03","Before reveal, may an estimator change or replace their hidden submitted estimate?","runs/US08_CS_R1/output.md","Check"
"US08_CS_R1","US08","CS","Q04","When the moderator closes voting with zero submitted estimates, should the system reveal an empty result set or leave the round unrevealed?","runs/US08_CS_R1/output.md","Check"
"US08_CS_R1","US08","CS","Q05","Should participants who reconnect or join after reveal see the already revealed estimates for that round?","runs/US08_CS_R1/output.md","Check"
"US08_CS_R1","US08","CS","Q06","[NEEDS CLARIFICATION] Is the required estimator set fixed when a voting round starts, or recalculated from the Presence Service at reveal time?","runs/US08_CS_R1/output.md","Check"
"US08_CS_R1","US08","CS","Q07","[NEEDS CLARIFICATION] If an estimator disconnects before submitting, should their missing estimate immediately stop blocking reveal, or only after the moderator closes voting?","runs/US08_CS_R1/output.md","Check"
"US08_CS_R1","US08","CS","Q08","[NEEDS CLARIFICATION] Before reveal, may an estimator change or replace their hidden submitted estimate?","runs/US08_CS_R1/output.md","Check"
"US08_CS_R1","US08","CS","Q09","[NEEDS CLARIFICATION] When the moderator closes voting with zero submitted estimates, should the system reveal an empty result set or leave the round unrevealed?","runs/US08_CS_R1/output.md","Check"
"US08_CS_R1","US08","CS","Q10","[NEEDS CLARIFICATION] Should participants who reconnect or join after reveal see the already revealed estimates for that round?","runs/US08_CS_R1/output.md","Check"
"US08_CT_R1","US08","CT","Q01","If an active estimator submits an estimate and then disconnects before reveal, should their stored estimate be included in the reveal?","runs/US08_CT_R1/output.md","Check"
"US08_CT_R1","US08","CT","Q02","When the moderator closes voting before any estimates have been submitted, what should participants see?","runs/US08_CT_R1/output.md","Check"
"US08_CT_R1","US08","CT","Q03","After estimates are revealed, who should be able to view revealed estimates?","runs/US08_CT_R1/output.md","Check"
"US08_CT_R1","US08","CT","Q04","If the active estimator set changes during a voting round, when is the required completion count determined?","runs/US08_CT_R1/output.md","Check"
"US08_CT_R1","US08","CT","Q05","If the reveal broadcast fails for some connected participants, what behavior is required?","runs/US08_CT_R1/output.md","Check"
"US08_CT_R1","US08","CT","Q06","[NEEDS CLARIFICATION] If an active estimator submits an estimate and then disconnects before reveal, should their stored estimate be included in the reveal?","runs/US08_CT_R1/output.md","Check"
"US08_CT_R1","US08","CT","Q07","[NEEDS CLARIFICATION] When the moderator closes voting before any estimates have been submitted, what should participants see?","runs/US08_CT_R1/output.md","Check"
"US08_CT_R1","US08","CT","Q08","[NEEDS CLARIFICATION] After estimates are revealed, who should be able to view revealed estimates?","runs/US08_CT_R1/output.md","Check"
"US08_CT_R1","US08","CT","Q09","[NEEDS CLARIFICATION] If the active estimator set changes during a voting round, when is the required completion count determined?","runs/US08_CT_R1/output.md","Check"
"US08_CT_R1","US08","CT","Q10","[NEEDS CLARIFICATION] If the reveal broadcast fails for some connected participants, what behavior is required?","runs/US08_CT_R1/output.md","Check"
"US19_C0_R1","US19","C0","Q01","Should this feature include only joining the waitlist, or also downstream offer notification, acceptance, expiration, enrollment, and coordinator removal workflows?","runs/US19_C0_R1/output.md","Check"
"US19_C0_R1","US19","C0","Q02","What exactly makes an attendee “eligible” to join a training waitlist?","runs/US19_C0_R1/output.md","Check"
"US19_C0_R1","US19","C0","Q03","When two attendees join at nearly the same time, what tie-breaker should determine waitlist order?","runs/US19_C0_R1/output.md","Check"
"US19_C0_R1","US19","C0","Q04","If an attendee already has an active waitlist entry for the same class, should the system reject the new attempt, refresh the existing entry, or show the existing waitlist status?","runs/US19_C0_R1/output.md","Check"
"US19_C0_R1","US19","C0","Q05","How should an attendee be “considered when a place becomes available”: manual coordinator review, automatic offer to the first eligible attendee, or another process?","runs/US19_C0_R1/output.md","Check"
"US19_C0_R1","US19","C0","Q06","[NEEDS CLARIFICATION] Should this feature include only joining the waitlist, or also downstream offer notification, acceptance, expiration, enrollment, and coordinator removal workflows?","runs/US19_C0_R1/output.md","Check"
"US19_C0_R1","US19","C0","Q07","[NEEDS CLARIFICATION] What exactly makes an attendee “eligible” to join a training waitlist?","runs/US19_C0_R1/output.md","Check"
"US19_C0_R1","US19","C0","Q08","[NEEDS CLARIFICATION] When two attendees join at nearly the same time, what tie-breaker should determine waitlist order?","runs/US19_C0_R1/output.md","Check"
"US19_C0_R1","US19","C0","Q09","[NEEDS CLARIFICATION] If an attendee already has an active waitlist entry for the same class, should the system reject the new attempt, refresh the existing entry, or show the existing waitlist status?","runs/US19_C0_R1/output.md","Check"
"US19_C0_R1","US19","C0","Q10","[NEEDS CLARIFICATION] How should an attendee be “considered when a place becomes available”: manual coordinator review, automatic offer to the first eligible attendee, or another process?","runs/US19_C0_R1/output.md","Check"
"US19_CD_R1","US19","CD","Q01","When an offered place expires or is declined, should the system automatically offer it to the next eligible waitlisted attendee, or should coordinator action be required?","runs/US19_CD_R1/output.md","Check"
"US19_CD_R1","US19","CD","Q02","If two attendees successfully join at the same timestamp precision, what tie-breaker determines waitlist order? Answer in <=5 words.","runs/US19_CD_R1/output.md","Check"
"US19_CD_R1","US19","CD","Q03","What makes an attendee “eligible” for joining or remaining on a training waitlist? Answer in <=5 words.","runs/US19_CD_R1/output.md","Check"
"US19_CD_R1","US19","CD","Q04","How should the system notify an attendee about an available-place offer? Answer in <=5 words.","runs/US19_CD_R1/output.md","Check"
"US19_CD_R1","US19","CD","Q05","After a coordinator removes a waitlist entry, should that attendee be allowed to join the same waitlist again if they later become eligible?","runs/US19_CD_R1/output.md","Check"
"US19_CD_R1","US19","CD","Q06","[NEEDS CLARIFICATION] When an offered place expires or is declined, should the system automatically offer it to the next eligible waitlisted attendee, or should coordinator action be required?","runs/US19_CD_R1/output.md","Check"
"US19_CD_R1","US19","CD","Q07","[NEEDS CLARIFICATION] After a coordinator removes a waitlist entry, should that attendee be allowed to join the same waitlist again if they later become eligible?","runs/US19_CD_R1/output.md","Check"
"US19_CL_R1","US19","CL","Q01","When a waitlist offer expires or is declined, should the system automatically notify the next eligible attendee? Answer in <=5 words.","runs/US19_CL_R1/output.md","Check"
"US19_CL_R1","US19","CL","Q02","During the 24-hour offer window, is the available place reserved for the notified attendee? Answer in <=5 words.","runs/US19_CL_R1/output.md","Check"
"US19_CL_R1","US19","CL","Q03","If two attendees join at the same timestamp, what tie-breaker determines waitlist order? Answer in <=5 words.","runs/US19_CL_R1/output.md","Check"
"US19_CL_R1","US19","CL","Q04","When should attendee eligibility be rechecked: only on join, only before offer, or both? Answer in <=5 words.","runs/US19_CL_R1/output.md","Check"
"US19_CL_R1","US19","CL","Q05","What information must be recorded for coordinator removals besides the reason? Answer in <=5 words.","runs/US19_CL_R1/output.md","Check"
"US19_CO_R1","US19","CO","Q01","What eligibility rules determine whether an attendee may join or remain on a waitlist? Answer in <=5 words.","runs/US19_CO_R1/output.md","Check"
"US19_CO_R1","US19","CO","Q02","If two successful waitlist entries have the same timestamp, how should their order be determined? Answer in <=5 words.","runs/US19_CO_R1/output.md","Check"
"US19_CO_R1","US19","CO","Q03","When a waitlist offer expires or is declined, should the next eligible attendee automatically receive an offer? Answer: yes/no.","runs/US19_CO_R1/output.md","Check"
"US19_CO_R1","US19","CO","Q04","Should an attendee be able to join multiple waitlists for different training classes at the same time? Answer: yes/no.","runs/US19_CO_R1/output.md","Check"
"US19_CO_R1","US19","CO","Q05","What information must be recorded when a coordinator removes a waitlist entry? Answer in <=5 words.","runs/US19_CO_R1/output.md","Check"
"US19_CS_R1","US19","CS","Q01","When an available-place offer expires or is declined, what should happen to that waitlist entry? Answer in <=5 words.","runs/US19_CS_R1/output.md","Check"
"US19_CS_R1","US19","CS","Q02","After an offer expires, is declined, or the attendee becomes ineligible, should the system automatically offer the place to the next eligible attendee? Answer in <=5 words.","runs/US19_CS_R1/output.md","Check"
"US19_CS_R1","US19","CS","Q03","If multiple attendees join at the same timestamp, what tie-breaker determines waitlist order? Answer in <=5 words.","runs/US19_CS_R1/output.md","Check"
"US19_CS_R1","US19","CS","Q04","Should attendee eligibility be rechecked when a place becomes available, when the offer is accepted, or both? Answer in <=5 words.","runs/US19_CS_R1/output.md","Check"
"US19_CS_R1","US19","CS","Q05","What should happen if the notification service fails to send an available-place offer? Answer in <=5 words.","runs/US19_CS_R1/output.md","Check"
"US19_CT_R1","US19","CT","Q01","If two attendees successfully join at the same timestamp, what tie-breaker determines waitlist order?","runs/US19_CT_R1/output.md","Check"
"US19_CT_R1","US19","CT","Q02","When a 24-hour offer expires or is declined, should the system automatically notify the next eligible attendee?","runs/US19_CT_R1/output.md","Check"
"US19_CT_R1","US19","CT","Q03","Should attendee eligibility be rechecked when an available-place offer is generated, when the offer is accepted, or both?","runs/US19_CT_R1/output.md","Check"
"US19_CT_R1","US19","CT","Q04","What minimum information must be recorded for coordinator removals besides the reason?","runs/US19_CT_R1/output.md","Check"
"US19_CT_R1","US19","CT","Q05","What notification channel is required for available-place offers?","runs/US19_CT_R1/output.md","Check"
"US19_CT_R1","US19","CT","Q06","[NEEDS CLARIFICATION] If two attendees successfully join at the same timestamp, what tie-breaker determines waitlist order?","runs/US19_CT_R1/output.md","Check"
"US19_CT_R1","US19","CT","Q07","[NEEDS CLARIFICATION] When a 24-hour offer expires or is declined, should the system automatically notify the next eligible attendee?","runs/US19_CT_R1/output.md","Check"
"US19_CT_R1","US19","CT","Q08","[NEEDS CLARIFICATION] Should attendee eligibility be rechecked when an available-place offer is generated, when the offer is accepted, or both?","runs/US19_CT_R1/output.md","Check"
"US19_CT_R1","US19","CT","Q09","[NEEDS CLARIFICATION] What minimum information must be recorded for coordinator removals besides the reason?","runs/US19_CT_R1/output.md","Check"
"US19_CT_R1","US19","CT","Q10","[NEEDS CLARIFICATION] What notification channel is required for available-place offers?","runs/US19_CT_R1/output.md","Check"
"US22_C0_R1","US22","C0","Q01","What qualifies as “sufficient profile and interaction history” for personalized recommendations? Answer in <=5 words.","runs/US22_C0_R1/output.md","Check"
"US22_C0_R1","US22","C0","Q02","What makes content “eligible” for recommendation beyond not being dismissed? Answer in <=5 words.","runs/US22_C0_R1/output.md","Check"
"US22_C0_R1","US22","C0","Q03","How should “similar profiles” be prioritized when interests and interaction signals conflict? Answer in <=5 words.","runs/US22_C0_R1/output.md","Check"
"US22_C0_R1","US22","C0","Q04","How is “popular content” defined for fallback recommendations? Answer in <=5 words.","runs/US22_C0_R1/output.md","Check"
"US22_C0_R1","US22","C0","Q05","When a user disables interaction-history use, should their history also be excluded from similarity calculations for other users? Answer: Yes or No.","runs/US22_C0_R1/output.md","Check"
"US22_CD_R1","US22","CD","Q01","What defines “sufficient profile and interaction history” for personalized recommendations?","runs/US22_CD_R1/output.md","Check"
"US22_CD_R1","US22","CD","Q02","What makes a content item “eligible” for recommendation?","runs/US22_CD_R1/output.md","Check"
"US22_CD_R1","US22","CD","Q03","When history use is disabled, may declared interests still be used for recommendations?","runs/US22_CD_R1/output.md","Check"
"US22_CD_R1","US22","CD","Q04","How should “popular eligible content” be determined for fallback recommendations?","runs/US22_CD_R1/output.md","Check"
"US22_CD_R1","US22","CD","Q05","Besides dismissed items, should previously viewed, saved, or positively rated content be excluded from recommendations?","runs/US22_CD_R1/output.md","Check"
"US22_CD_R1","US22","CD","Q06","[NEEDS CLARIFICATION] What defines “sufficient profile and interaction history” for personalized recommendations?","runs/US22_CD_R1/output.md","Check"
"US22_CD_R1","US22","CD","Q07","[NEEDS CLARIFICATION] What makes a content item “eligible” for recommendation?","runs/US22_CD_R1/output.md","Check"
"US22_CD_R1","US22","CD","Q08","[NEEDS CLARIFICATION] When history use is disabled, may declared interests still be used for recommendations?","runs/US22_CD_R1/output.md","Check"
"US22_CD_R1","US22","CD","Q09","[NEEDS CLARIFICATION] How should “popular eligible content” be determined for fallback recommendations?","runs/US22_CD_R1/output.md","Check"
"US22_CD_R1","US22","CD","Q10","[NEEDS CLARIFICATION] Besides dismissed items, should previously viewed, saved, or positively rated content be excluded from recommendations?","runs/US22_CD_R1/output.md","Check"
"US22_CL_R1","US22","CL","Q01","What threshold defines “sufficient profile and interaction history” for personalized recommendations? Answer in <=5 words.","runs/US22_CL_R1/output.md","Check"
"US22_CL_R1","US22","CL","Q02","Which interaction types count as “positive feedback” for similarity scoring? Answer in <=5 words.","runs/US22_CL_R1/output.md","Check"
"US22_CL_R1","US22","CL","Q03","What makes content “eligible” for recommendation? Answer in <=5 words.","runs/US22_CL_R1/output.md","Check"
"US22_CL_R1","US22","CL","Q04","How should recommendation ranking combine interest similarity and interaction-pattern similarity? Answer in <=5 words.","runs/US22_CL_R1/output.md","Check"
"US22_CL_R1","US22","CL","Q05","What user-visible state should appear when no eligible recommendations are available? Answer in <=5 words.","runs/US22_CL_R1/output.md","Check"
"US22_CO_R1","US22","CO","Q01","What exact threshold defines “sufficient history” for personalized recommendations?","runs/US22_CO_R1/output.md","Check"
"US22_CO_R1","US22","CO","Q02","What criteria make a content item “eligible” for recommendation?","runs/US22_CO_R1/output.md","Check"
"US22_CO_R1","US22","CO","Q03","When interaction-history use is disabled, may declared interests still be used for personalization?","runs/US22_CO_R1/output.md","Check"
"US22_CO_R1","US22","CO","Q04","How is “non-personalized popular content” calculated?","runs/US22_CO_R1/output.md","Check"
"US22_CO_R1","US22","CO","Q05","How should recommendation ranking break ties between equally scored content items?","runs/US22_CO_R1/output.md","Check"
"US22_CO_R1","US22","CO","Q06","[NEEDS CLARIFICATION] What exact threshold defines “sufficient history” for personalized recommendations?","runs/US22_CO_R1/output.md","Check"
"US22_CO_R1","US22","CO","Q07","[NEEDS CLARIFICATION] What criteria make a content item “eligible” for recommendation?","runs/US22_CO_R1/output.md","Check"
"US22_CO_R1","US22","CO","Q08","[NEEDS CLARIFICATION] When interaction-history use is disabled, may declared interests still be used for personalization?","runs/US22_CO_R1/output.md","Check"
"US22_CO_R1","US22","CO","Q09","[NEEDS CLARIFICATION] How is “non-personalized popular content” calculated?","runs/US22_CO_R1/output.md","Check"
"US22_CO_R1","US22","CO","Q10","[NEEDS CLARIFICATION] How should recommendation ranking break ties between equally scored content items?","runs/US22_CO_R1/output.md","Check"
"US22_CS_R1","US22","CS","Q01","What minimum profile/history data qualifies a user for personalized similar-profile recommendations?","runs/US22_CS_R1/output.md","Check"
"US22_CS_R1","US22","CS","Q02","Which behavioral events from the Interaction History Service count as eligible signals for similarity: viewed, saved, positive feedback, or another defined subset?","runs/US22_CS_R1/output.md","Check"
"US22_CS_R1","US22","CS","Q03","When interaction-history use is disabled, may recommendations still use declared interests from the Profile Service?","runs/US22_CS_R1/output.md","Check"
"US22_CS_R1","US22","CS","Q04","How should non-personalized “popular eligible content” be determined?","runs/US22_CS_R1/output.md","Check"
"US22_CS_R1","US22","CS","Q05","What makes a content item eligible or ineligible for recommendation from the Content Catalog?","runs/US22_CS_R1/output.md","Check"
"US22_CS_R1","US22","CS","Q06","[NEEDS CLARIFICATION] What minimum profile/history data qualifies a user for personalized similar-profile recommendations?","runs/US22_CS_R1/output.md","Check"
"US22_CS_R1","US22","CS","Q07","[NEEDS CLARIFICATION] Which behavioral events from the Interaction History Service count as eligible signals for similarity: viewed, saved, positive feedback, or another defined subset?","runs/US22_CS_R1/output.md","Check"
"US22_CS_R1","US22","CS","Q08","[NEEDS CLARIFICATION] When interaction-history use is disabled, may recommendations still use declared interests from the Profile Service?","runs/US22_CS_R1/output.md","Check"
"US22_CS_R1","US22","CS","Q09","[NEEDS CLARIFICATION] How should non-personalized “popular eligible content” be determined?","runs/US22_CS_R1/output.md","Check"
"US22_CS_R1","US22","CS","Q10","[NEEDS CLARIFICATION] What makes a content item eligible or ineligible for recommendation from the Content Catalog?","runs/US22_CS_R1/output.md","Check"
"US22_CT_R1","US22","CT","Q01","What threshold defines “sufficient history” for personalized recommendations? Answer in <=5 words.","runs/US22_CT_R1/output.md","Check"
"US22_CT_R1","US22","CT","Q02","When interaction-history use is disabled, may declared interests still be used for recommendations? Answer: yes/no.","runs/US22_CT_R1/output.md","Check"
"US22_CT_R1","US22","CT","Q03","What makes catalog content “eligible” for recommendation beyond not being dismissed? Answer in <=5 words.","runs/US22_CT_R1/output.md","Check"
"US22_CT_R1","US22","CT","Q04","How is “popular content” determined for fallback recommendations? Answer in <=5 words.","runs/US22_CT_R1/output.md","Check"
"US22_CT_R1","US22","CT","Q05","What should the user see when no eligible recommendations are available? Answer in <=5 words.","runs/US22_CT_R1/output.md","Check"
