"Classification_ID","Run_ID","US_ID","Condition","Question_ID","Segment_ID","Question_Original","Final_Gap_Label","Gap_ID","Duplicate_Group","Primary_Question","J1_Category","J2_Category","J3_Category","J1_Coverage","J2_Coverage","J3_Coverage","J1_Relevance","J2_Relevance","J3_Relevance","Final_Category","Final_Coverage","Final_Relevance","Final_Evidence","Final_Observation"
"CLS0001","US02_C0_R1","US02","C0","Q01","S01","Which facility details must each search result display so the user can decide which facilities to consider?","Facility details displayed in search results","US02_G01","","Yes","Operational","Operational","Operational","Unanswered","Unanswered","Unanswered","Necessary","Necessary","Necessary","Operational","Unanswered","Necessary","Not found in the execution material.","the reference material also leaves the result fields unspecified."
"CLS0002","US02_C0_R1","US02","C0","Q02","S01","What ZIP code formats are valid for search input?","Accepted ZIP code format","US02_G02","","Yes","Operational","Operational","Operational","Unanswered","Unanswered","Unanswered","Necessary","Necessary","Necessary","Operational","Unanswered","Necessary","Not found in the execution material.",""
"CLS0003","US02_C0_R1","US02","C0","Q03","S01","What data source provides facility records and their active/verified status?","Source of facility records and status","US02_G03","","Yes","Systemic","Systemic","Systemic","Unanswered","Unanswered","Unanswered","Necessary","Necessary","Necessary","Systemic","Unanswered","Necessary","Not found in the execution material.",""
"CLS0004","US02_C0_R1","US02","C0","Q04","S01","Should results include material types accepted by each facility? Answer: yes or no.","Facility details displayed in search results","US02_G01","","Yes","Decisional","Operational","Operational","Unanswered","Unanswered","Unanswered","Necessary","Useful","Useful","Operational","Unanswered","Useful","ABSENT. The user story does not specify whether accepted material types are part of the result content.","Refinement of the result-content gap (see row 2); does not block implementation."
"CLS0005","US02_C0_R1","US02","C0","Q05","S01","How should facilities at the same distance be ordered?","Tie-breaking rule for equal-distance facilities","US02_G04","","Yes","Decisional","Operational","Operational","Unanswered","Unanswered","Unanswered","Necessary","Necessary","Useful","Operational","Unanswered","Necessary","Not found in the execution material.","The reference defines the general ordering rule; the tie-breaking criterion remains unspecified. | Related reference answer exists but was not provided in this execution condition: US02_CO_03: ""Results are ordered by distance from the geographic center of the submitted ZIP code."" (reference sheet; not provided under C0)"
"CLS0006","US02_CD_R1","US02","CD","Q01","S01","Should ZIP input accept only 5-digit U.S. ZIP codes, or also ZIP+4 format?","Accepted ZIP code format","US02_G02","DUP001","Yes","Decisional","Operational","Operational","Unanswered","Unanswered","Partially answered","Necessary","Necessary","Necessary","Operational","Unanswered","Necessary","Not found in the execution material.","Equivalent duplicate in the same Run_ID. Partial coverage was reviewed against the execution material. | Related reference answer exists but was not provided in this execution condition: US02_CO_01: ""The ZIP code must be validated before the search is submitted."" (reference sheet; not provided under CD)"
"CLS0007","US02_CD_R1","US02","CD","Q02","S01","What facility details must appear in each result so users can decide which facilities to consider?","Facility details displayed in search results","US02_G01","DUP002","Yes","Operational","Operational","Operational","Unanswered","Unanswered","Unanswered","Necessary","Necessary","Necessary","Operational","Unanswered","Necessary","Not found in the execution material.","Equivalent duplicate in the same Run_ID."
"CLS0008","US02_CD_R1","US02","CD","Q03","S01","What should break ties when multiple facilities have the same calculated distance?","Tie-breaking rule for equal-distance facilities","US02_G04","DUP003","Yes","Decisional","Operational","Operational","Unanswered","Unanswered","Unanswered","Necessary","Necessary","Useful","Operational","Unanswered","Necessary","Not found in the execution material.","The reference defines the ordering rule; the tie-breaking criterion remains unspecified. | Equivalent duplicate in the same Run_ID. | Related reference answer exists but was not provided in this execution condition: US02_CO_03: ""Results are ordered by distance from the geographic center of the submitted ZIP code."" (reference sheet; not provided under CD)"
"CLS0009","US02_CD_R1","US02","CD","Q04","S01","What user-facing outcome is required when a valid ZIP code cannot be geocoded?","Geocoding failure user-facing outcome","US02_G05","DUP004","Yes","Operational","Operational","Operational","Unanswered","Unanswered","Unanswered","Necessary","Necessary","Necessary","Operational","Unanswered","Necessary","Not found in the execution material.","Emergent gap. | Equivalent duplicate in the same Run_ID."
"CLS0010","US02_CD_R1","US02","CD","Q05","S01","What source of truth defines whether a facility is active and verified?","Source of truth for facility active/verified status","US02_G06","DUP005","Yes","Systemic","Systemic","Systemic","Unanswered","Unanswered","Partially answered","Necessary","Necessary","Necessary","Systemic","Unanswered","Necessary","Not found in the execution material.","Equivalent duplicate in the same Run_ID. Partial coverage was reviewed against the execution material."
"CLS0016","US02_CL_R1","US02","CL","Q01","S01","What information must each facility result display?","Facility details displayed in search results","US02_G01","","Yes","Operational","Operational","Operational","Unanswered","Unanswered","Partially answered","Necessary","Necessary","Necessary","Operational","Unanswered","Necessary","Not found in the execution material.","Partial coverage was reviewed against the execution material."
"CLS0017","US02_CL_R1","US02","CL","Q02","S01","Which ZIP code formats are valid?","Accepted ZIP code format","US02_G02","","Yes","Operational","Operational","Operational","Unanswered","Unanswered","Partially answered","Necessary","Necessary","Necessary","Operational","Unanswered","Necessary","Not found in the execution material.","The lexical definition of ZIP code does not cover valid input formats. | Partial coverage was reviewed against the execution material."
"CLS0018","US02_CL_R1","US02","CL","Q03","S01","What should determine ordering when multiple facilities have the same calculated distance?","Tie-breaking rule for equal-distance facilities","US02_G04","","Yes","Decisional","Operational","Decisional","Partially answered","Unanswered","Unanswered","Necessary","Necessary","Useful","Decisional","Unanswered","Necessary","CTX CL — ""A result list is an ordered collection of matching facilities, not a saved favorites list."" (context provided in this run)","The provided definition states that the list is ordered but gives no ordering or tie-breaking rule; see also REF US02_CO_03."
"CLS0019","US02_CL_R1","US02","CL","Q04","S01","What facility data source should searches use?","Source of facility records and status","US02_G03","","Yes","Systemic","Systemic","Systemic","Unanswered","Unanswered","Unanswered","Necessary","Necessary","Necessary","Systemic","Unanswered","Necessary","Not found in the execution material.",""
"CLS0020","US02_CL_R1","US02","CL","Q05","S01","What should happen if the facility data source is unavailable during search?","Geocoding/facility directory unavailable behavior","US02_G07","","Yes","Systemic","Operational","Operational","Unanswered","Unanswered","Unanswered","Necessary","Necessary","Necessary","Operational","Unanswered","Necessary","ABSENT. No provided material or reference entry defines the behavior when the facility data source is unavailable.","Emergent gap."
"CLS0021","US02_CO_R1","US02","CO","Q01","S01","What facility details must appear in each search result so users can decide which facilities to consider?","Facility details displayed in search results","US02_G01","","Yes","Operational","Operational","Operational","Unanswered","Unanswered","Unanswered","Necessary","Necessary","Necessary","Operational","Unanswered","Necessary","Not found in the execution material.",""
"CLS0022","US02_CO_R1","US02","CO","Q02","S01","Which ZIP code formats are valid: 5-digit only, ZIP+4, or both?","Accepted ZIP code format","US02_G02","DUP006","Yes","Operational","Operational","Operational","Unanswered","Partially answered","Partially answered","Necessary","Necessary","Necessary","Operational","Partially answered","Necessary","CTX CO: ""The ZIP code must be validated before the search is submitted."" (context provided in this run)","The validation rule is present, but the set of accepted formats is unspecified. | Equivalent duplicate in the same Run_ID. Partial coverage was reviewed against the execution material."
"CLS0023","US02_CO_R1","US02","CO","Q03","S01","When multiple facilities have the same distance, how should ties be ordered?","Tie-breaking rule for equal-distance facilities","US02_G04","","Yes","Decisional","Operational","Operational","Partially answered","Unanswered","Partially answered","Necessary","Necessary","Useful","Operational","Partially answered","Necessary","Results have previous ordering, but lack a tie-breaker criterion.","The quoted rule covers general ordering; the tie-breaking criterion is absent. | Partial coverage was reviewed against the execution material."
"CLS0024","US02_CO_R1","US02","CO","Q04","S01","What should happen if the facility directory or geocoding lookup is unavailable?","Geocoding/facility directory unavailable behavior","US02_G07","","Yes","Systemic","Operational","Operational","Unanswered","Unanswered","Unanswered","Necessary","Necessary","Necessary","Operational","Unanswered","Necessary","ABSENT. The operational context does not define the behavior when the facility directory or geocoding lookup is unavailable.","Emergent gap."
"CLS0025","US02_CO_R1","US02","CO","Q05","S01","Does “active facilities” require only active status, or both active and verified status?","Active versus verified facility status requirement","US02_G08","DUP007","Yes","Operational","Lexical","Decisional","Unanswered","Unanswered","Partially answered","Necessary","Necessary","Necessary","Decisional","Unanswered","Necessary","No explicit statement in the User Story or supplied context defines whether “active facilities” means active status only or both active and verified status.","A related decision exists in the reference (US02_CD_03: inactive and unverified facilities are excluded), which was not provided in this run. | Equivalent duplicate in the same Run_ID. Partial coverage was reviewed against the execution material."
"CLS0028","US02_CS_R1","US02","CS","Q01","S01","What ZIP code formats must be accepted?","Accepted ZIP code format","US02_G02","","Yes","Operational","Operational","Operational","Unanswered","Unanswered","Unanswered","Necessary","Necessary","Necessary","Operational","Unanswered","Necessary","Not found in the execution material.",""
"CLS0029","US02_CS_R1","US02","CS","Q02","S01","What facility details must appear in each result so users can decide which facilities to consider?","Facility details displayed in search results","US02_G01","","Yes","Operational","Operational","Operational","Unanswered","Unanswered","Partially answered","Necessary","Necessary","Necessary","Operational","Unanswered","Necessary","Not found in the execution material.","Partial coverage was reviewed against the execution material."
"CLS0030","US02_CS_R1","US02","CS","Q03","S01","If multiple facilities have the same calculated distance, how should they be ordered?","Tie-breaking rule for equal-distance facilities","US02_G04","","Yes","Decisional","Operational","Decisional","Partially answered","Unanswered","Unanswered","Necessary","Necessary","Useful","Decisional","Unanswered","Necessary","Not found in the execution material.","CTX CS — ""The Search Service ranks the facilities and sends the result list to the web interface."" names the responsible component but not the ordering rule. | Related reference answer exists but was not provided in this execution condition: US02_CO_03: ""Results are ordered by distance from the geographic center of the submitted ZIP code."" (reference sheet; not provided under CS)"
"CLS0031","US02_CS_R1","US02","CS","Q04","S01","What should happen when the Geocoding Service or Facility Directory is unavailable?","Geocoding/facility directory unavailable behavior","US02_G07","","Yes","Systemic","Operational","Operational","Unanswered","Unanswered","Partially answered","Necessary","Necessary","Necessary","Operational","Unanswered","Necessary","ABSENT. The systemic context names the Geocoding Service and the Facility Directory but does not define behavior when they are unavailable.","Emergent gap. | Partial coverage was reviewed against the execution material."
"CLS0032","US02_CS_R1","US02","CS","Q05","S01","Should the search include only general recycling facilities or filter by accepted material type?","Accepted material type filtering scope","US02_G09","","Yes","Decisional","Operational","Operational","Unanswered","Unanswered","Unanswered","Necessary","Useful","Useful","Operational","Unanswered","Useful","ABSENT. Neither the user story nor the provided context addresses filtering by accepted material type.","Scope extension; does not block the core search flow."
"CLS0033","US02_CT_R1","US02","CT","Q01","S01","Which ZIP code formats must be accepted: 5-digit only, ZIP+4, or both?","Accepted ZIP code format","US02_G02","DUP008","Yes","Operational","Operational","Operational","Unanswered","Partially answered","Partially answered","Necessary","Necessary","Necessary","Operational","Partially answered","Necessary","CTX CO (within CT): ""The ZIP code must be validated before the search is submitted.""","The stated validation rule implies a defined set of accepted formats, but the set itself is unspecified. | Equivalent duplicate in the same Run_ID. Partial coverage was reviewed against the execution material."
"CLS0034","US02_CT_R1","US02","CT","Q02","S01","What facility details must each search result display, such as name, address, distance, contact info, or accepted materials?","Facility details displayed in search results","US02_G01","DUP009","Yes","Operational","Operational","Operational","Unanswered","Unanswered","Partially answered","Necessary","Necessary","Necessary","Operational","Unanswered","Necessary","Not found in the execution material.","Emergent gap. | Equivalent duplicate in the same Run_ID. Partial coverage was reviewed against the execution material."
"CLS0035","US02_CT_R1","US02","CT","Q03","S01","How should the system respond if the Geocoding Service or Facility Directory is unavailable?","Geocoding/facility directory unavailable behavior","US02_G07","DUP010","Yes","Systemic","Operational","Operational","Unanswered","Unanswered","Partially answered","Necessary","Necessary","Necessary","Operational","Unanswered","Necessary","ABSENT. None of the four context blocks defines behavior when the Geocoding Service or Facility Directory is unavailable.","Emergent gap. | Equivalent duplicate in the same Run_ID. Partial coverage was reviewed against the execution material."
"CLS0036","US02_CT_R1","US02","CT","Q04","S01","How should facilities with the same calculated distance be ordered?","Tie-breaking rule for equal-distance facilities","US02_G04","DUP011","Yes","Decisional","Operational","Decisional","Partially answered","Unanswered","Unanswered","Necessary","Necessary","Useful","Decisional","Unanswered","Necessary","CTX CO (within CT): ""Results are ordered by distance from the geographic center of the submitted ZIP code.""","The quoted rule covers general ordering; the tie-breaking criterion is absent. | Equivalent duplicate in the same Run_ID."
"CLS0037","US02_CT_R1","US02","CT","Q05","S01","Should submitted ZIP codes or search activity be stored, and if so, for what purpose?","ZIP code or search activity retention decision","US02_G10","DUP012","Yes","Decisional","Decisional","Decisional","Unanswered","Unanswered","Unanswered","Necessary","Useful","Useful","Decisional","Unanswered","Useful","ABSENT. No context block addresses retention of submitted ZIP codes or search activity.","Emergent gap; the decisional block covers other privacy decisions but not data retention. | Equivalent duplicate in the same Run_ID."
"CLS0043","US08_C0_R1","US08","C0","Q01","S01","When is the required estimator set fixed for a voting round: at round start, dynamically based on currently connected estimators, or only after each participant’s role is confirmed?","Required estimator set definition timing","US08_G01","DUP013","Yes","Operational","Operational","Operational","Unanswered","Unanswered","Unanswered","Necessary","Necessary","Necessary","Operational","Unanswered","Necessary","Not found in the execution material.","Equivalent duplicate in the same Run_ID."
"CLS0044","US08_C0_R1","US08","C0","Q02","S01","If an active estimator disconnects before submitting, should their absence immediately reduce the completion count and possibly trigger reveal?","Disconnect-before-submit reveal trigger behavior","US08_G02","DUP014","Yes","Decisional","Operational","Operational","Unanswered","Unanswered","Unanswered","Necessary","Necessary","Necessary","Operational","Unanswered","Necessary","Not found in the execution material.","Equivalent duplicate in the same Run_ID. | Related reference answer exists but was not provided in this execution condition: US08_CD_02: ""Spectators and disconnected participants are excluded from the completion count."" (reference sheet; not provided under C0)"
"CLS0045","US08_C0_R1","US08","C0","Q03","S01","Are spectators allowed to see revealed estimates once the reveal condition is met, or only active estimators and the moderator?","Visibility of revealed estimates to participant roles/reconnections","US08_G03","DUP015","Yes","Operational","Operational","Operational","Unanswered","Unanswered","Unanswered","Necessary","Useful","Necessary","Operational","Unanswered","Necessary","Not found in the execution material.","Equivalent duplicate in the same Run_ID."
"CLS0046","US08_C0_R1","US08","C0","Q04","S01","If the moderator closes voting when no estimates have been submitted, should the round enter a revealed/closed state with no estimates, or remain unrevealed?","Zero-estimate moderator closure behavior","US08_G04","DUP016","Yes","Decisional","Operational","Operational","Unanswered","Unanswered","Unanswered","Necessary","Necessary","Necessary","Operational","Unanswered","Necessary","ABSENT. No provided material or reference entry defines the round state when voting is closed with no estimates.",". | Equivalent duplicate in the same Run_ID."
"CLS0047","US08_C0_R1","US08","C0","Q05","S01","After estimates are revealed, may late-joining or reconnected participants see the revealed estimates for that round?","Visibility of revealed estimates to participant roles/reconnections","US08_G03","DUP017","Yes","Operational","Operational","Operational","Unanswered","Unanswered","Unanswered","Necessary","Useful","Useful","Operational","Unanswered","Useful","ABSENT. No provided material or reference entry addresses visibility for late-joining or reconnected participants.",". | Equivalent duplicate in the same Run_ID."
"CLS0053","US08_CD_R1","US08","CD","Q01","S01","When is the set of “active estimators” determined for a voting round: at round start, dynamically from currently connected eligible participants, or another rule?","Required estimator set definition timing","US08_G01","DUP018","Yes","Operational","Operational","Decisional","Unanswered","Unanswered","Unanswered","Necessary","Necessary","Useful","Operational","Unanswered","Necessary","Not found in the execution material.","The exclusion suggests a dynamically maintained set; the exact rule for when the set is fixed is not stated. | Equivalent duplicate in the same Run_ID."
"CLS0054","US08_CD_R1","US08","CD","Q02","S01","If an active estimator disconnects after submitting but before reveal, should their submitted estimate still be revealed?","Disconnected submitter estimate reveal behavior","US08_G05","DUP019","Yes","Decisional","Operational","Operational","Unanswered","Unanswered","Unanswered","Necessary","Necessary","Necessary","Operational","Unanswered","Necessary","Not found in the execution material.","The provided decisional context covers only the completion count, not the fate of stored estimates. | Equivalent duplicate in the same Run_ID. | Related reference answer exists but was not provided in this execution condition: US08_CO_02: ""All stored estimates are revealed in one broadcast event."" (reference sheet; not provided under CD)"
"CLS0055","US08_CD_R1","US08","CD","Q03","S01","If an estimator submits, disconnects, and later reconnects before reveal, should they count as submitted for completion?","Reconnected submitter completion status","US08_G06","DUP020","Yes","Decisional","Operational","Operational","Unanswered","Unanswered","Unanswered","Necessary","Necessary","Necessary","Operational","Unanswered","Necessary","CTX CD: ""Spectators and disconnected participants are excluded from the completion count."" (context provided in this run)","Exclusion on disconnect is covered; the reconnection case is not addressed. | Equivalent duplicate in the same Run_ID."
"CLS0056","US08_CD_R1","US08","CD","Q04","S01","Before reveal, may an estimator change or replace their hidden estimate, or is the first submission final?","Pre-reveal estimate modification rule","US08_G07","DUP021","Yes","Operational","Operational","Operational","Unanswered","Unanswered","Unanswered","Necessary","Necessary","Necessary","Operational","Unanswered","Necessary","Not found in the execution material.","Emergent gap. | Equivalent duplicate in the same Run_ID."
"CLS0057","US08_CD_R1","US08","CD","Q05","S01","When the moderator closes voting with no submitted estimates, should the round reveal an empty result, remain unrevealed, or enter a cancelled/closed state?","Zero-estimate moderator closure behavior","US08_G04","DUP022","Yes","Decisional","Operational","Decisional","Unanswered","Unanswered","Unanswered","Necessary","Necessary","Useful","Decisional","Unanswered","Necessary","Not found in the execution material.","Manual closing is covered; the resulting round state with zero estimates is not defined. | Equivalent duplicate in the same Run_ID."
"CLS0063","US08_CL_R1","US08","CL","Q01","S01","If an active estimator disconnects after submitting but before reveal, should their submitted estimate still be revealed?","Disconnected submitter estimate reveal behavior","US08_G05","","Yes","Decisional","Operational","Operational","Unanswered","Unanswered","Unanswered","Necessary","Necessary","Necessary","Operational","Unanswered","Necessary","Not found in the execution material.","Related reference answer exists but was not provided in this execution condition: US08_CO_02: ""All stored estimates are revealed in one broadcast event."" (reference sheet; not provided under CL)"
"CLS0064","US08_CL_R1","US08","CL","Q02","S01","When an active estimator disconnects before submitting, should the system immediately exclude them and reveal if remaining active estimators are complete, or wait for moderator closure?","Disconnect-before-submit reveal trigger behavior","US08_G02","","Yes","Systemic","Operational","Operational","Unanswered","Partially answered","Partially answered","Necessary","Necessary","Necessary","Operational","Partially answered","Necessary","CTX CL: ""An active estimator is a connected participant who is eligible to estimate in the current round."" (context provided in this run)","By definition, a disconnected participant is no longer an active estimator, which partially answers the exclusion; the reveal-trigger timing is not stated. | Partial coverage was reviewed against the execution material."
"CLS0065","US08_CL_R1","US08","CL","Q03","S01","Should revealed estimates be visible to all participants, including spectators and later reconnecting participants, or only currently connected participants?","Visibility of revealed estimates to participant roles/reconnections","US08_G03","","Yes","Decisional","Operational","Operational","Unanswered","Partially answered","Redundant","Necessary","Necessary","Necessary","Operational","Partially answered","Necessary","CTX CL states that revealing estimates makes all submitted values visible to every participant, but it does not explicitly address spectators or later reconnecting participants.","Visibility to every participant is stated; whether spectators count as participants remains ambiguous."
"CLS0066","US08_CL_R1","US08","CL","Q04","S01","If the moderator closes voting when no estimates have been submitted, should the round enter a revealed/closed state or remain open?","Zero-estimate moderator closure behavior","US08_G04","","Yes","Decisional","Operational","Operational","Unanswered","Unanswered","Unanswered","Necessary","Necessary","Necessary","Operational","Unanswered","Necessary","ABSENT. Neither the lexical context nor any reference entry defines the round state when voting is closed with no estimates.","Emergent gap."
"CLS0067","US08_CL_R1","US08","CL","Q05","S01","After reveal, should attempted estimate changes be rejected with feedback, silently ignored, or treated as a request requiring a new round?","Post-reveal estimate change handling","US08_G08","","Yes","Decisional","Operational","Operational","Unanswered","Unanswered","Unanswered","Necessary","Useful","Necessary","Operational","Unanswered","Necessary","Not found in the execution material.","The reference states the restriction; the requested feedback behavior (reject, ignore, or new-round request) is not specified."
"CLS0068","US08_CO_R1","US08","CO","Q01","S01","When an active estimator disconnects after submitting but before reveal, should their stored estimate still be revealed?","Disconnected submitter estimate reveal behavior","US08_G05","","Yes","Decisional","Operational","Operational","Unanswered","Redundant","Redundant","Necessary","Necessary","Necessary","Operational","Redundant","Necessary","CTX CO: ""All stored estimates are revealed in one broadcast event."" (context provided in this run)","The provided rule already states that every stored estimate is revealed, which covers the disconnected-submitter case."
"CLS0069","US08_CO_R1","US08","CO","Q02","S01","Is the active estimator set fixed at round start, or recalculated dynamically as participants connect/disconnect?","Required estimator set definition timing","US08_G01","","Yes","Operational","Operational","Operational","Unanswered","Unanswered","Partially answered","Necessary","Necessary","Necessary","Operational","Unanswered","Necessary","Not found in the execution material.","The term is used, but when the set is fixed is not stated. | Partial coverage was reviewed against the execution material."
"CLS0070","US08_CO_R1","US08","CO","Q03","S01","When the moderator closes voting with no submitted estimates, should the round enter a revealed/closed state or remain unrevealed?","Zero-estimate moderator closure behavior","US08_G04","","Yes","Decisional","Operational","Decisional","Unanswered","Unanswered","Unanswered","Necessary","Necessary","Useful","Decisional","Unanswered","Necessary","Not found in the execution material.","Closing voting implies a reveal trigger; the resulting state with zero estimates is not defined."
"CLS0071","US08_CS_R1","US08","CS","Q01","S01","Is the required estimator set fixed when a voting round starts, or recalculated from the Presence Service at reveal time?","Required estimator set definition timing","US08_G01","DUP023","Yes","Systemic","Operational","Operational","Unanswered","Unanswered","Partially answered","Necessary","Necessary","Necessary","Operational","Unanswered","Necessary","CTX CS: ""The Presence Service provides the set of active estimators."" (context provided in this run)","The source of the set is named; whether it is fixed at round start or recalculated at reveal time is not stated. | Equivalent duplicate in the same Run_ID. Partial coverage was reviewed against the execution material."
"CLS0072","US08_CS_R1","US08","CS","Q02","S01","If an estimator disconnects before submitting, should their missing estimate immediately stop blocking reveal, or only after the moderator closes voting?","Disconnect-before-submit reveal trigger behavior","US08_G02","DUP024","Yes","Decisional","Operational","Operational","Unanswered","Unanswered","Partially answered","Necessary","Necessary","Necessary","Operational","Unanswered","Necessary","Not found in the execution material.","The reveal-trigger timing after a disconnect remains unspecified. | Equivalent duplicate in the same Run_ID. Partial coverage was reviewed against the execution material. | Related reference answer exists but was not provided in this execution condition: US08_CD_02: ""Spectators and disconnected participants are excluded from the completion count."" (reference sheet; not provided under CS)"
"CLS0073","US08_CS_R1","US08","CS","Q03","S01","Before reveal, may an estimator change or replace their hidden submitted estimate?","Pre-reveal estimate modification rule","US08_G07","DUP025","Yes","Operational","Operational","Operational","Unanswered","Unanswered","Unanswered","Necessary","Necessary","Necessary","Operational","Unanswered","Necessary","Not found in the execution material.","Emergent gap; the reference covers only the post-reveal restriction (US08_CO_03). | Equivalent duplicate in the same Run_ID."
"CLS0074","US08_CS_R1","US08","CS","Q04","S01","When the moderator closes voting with zero submitted estimates, should the system reveal an empty result set or leave the round unrevealed?","Zero-estimate moderator closure behavior","US08_G04","DUP026","Yes","Systemic","Operational","Operational","Unanswered","Unanswered","Unanswered","Necessary","Necessary","Necessary","Operational","Unanswered","Necessary","ABSENT. Neither the systemic context nor any reference entry defines the round state when voting is closed with zero estimates.","Emergent gap. | Equivalent duplicate in the same Run_ID."
"CLS0075","US08_CS_R1","US08","CS","Q05","S01","Should participants who reconnect or join after reveal see the already revealed estimates for that round?","Visibility of revealed estimates to participant roles/reconnections","US08_G03","DUP027","Yes","Decisional","Operational","Operational","Unanswered","Unanswered","Partially answered","Necessary","Useful","Useful","Operational","Unanswered","Useful","CTX CS: ""The Realtime Gateway broadcasts the reveal event and all estimates to connected participants."" (context provided in this run)","The broadcast targets participants connected at reveal time; replay for later reconnections is not addressed. | Equivalent duplicate in the same Run_ID. Partial coverage was reviewed against the execution material."
"CLS0081","US08_CT_R1","US08","CT","Q01","S01","If an active estimator submits an estimate and then disconnects before reveal, should their stored estimate be included in the reveal?","Disconnected submitter estimate reveal behavior","US08_G05","DUP028","Yes","Decisional","Operational","Operational","Unanswered","Redundant","Redundant","Necessary","Necessary","Necessary","Operational","Redundant","Necessary","CTX CO (within CT): ""All stored estimates are revealed in one broadcast event.""","The provided rule already covers the disconnected-submitter case. | Equivalent duplicate in the same Run_ID."
"CLS0082","US08_CT_R1","US08","CT","Q02","S01","When the moderator closes voting before any estimates have been submitted, what should participants see?","Zero-estimate moderator closure behavior","US08_G04","DUP029","Yes","Decisional","Operational","Operational","Unanswered","Unanswered","Partially answered","Necessary","Necessary","Necessary","Operational","Unanswered","Necessary","ABSENT. None of the four context blocks defines what participants see when voting is closed with no estimates.","Emergent gap. | Equivalent duplicate in the same Run_ID. Partial coverage was reviewed against the execution material."
"CLS0083","US08_CT_R1","US08","CT","Q03","S01","After estimates are revealed, who should be able to view revealed estimates?","Visibility of revealed estimates to participant roles/reconnections","US08_G03","DUP030","Yes","Decisional","Operational","Operational","Unanswered","Redundant","Redundant","Necessary","Necessary","Necessary","Operational","Redundant","Necessary","CTX CL (within CT): ""Revealing estimates means making all submitted values visible to every participant.""","Visibility to every participant is stated; late-joining participants remain ambiguous. | Equivalent duplicate in the same Run_ID."
"CLS0084","US08_CT_R1","US08","CT","Q04","S01","If the active estimator set changes during a voting round, when is the required completion count determined?","Required completion count timing when active set changes","US08_G09","DUP031","Yes","Operational","Operational","Operational","Unanswered","Unanswered","Partially answered","Necessary","Necessary","Necessary","Operational","Unanswered","Necessary","Not found in the execution material.","Membership exclusions are covered; the exact moment the required count is determined is not. | Equivalent duplicate in the same Run_ID. Partial coverage was reviewed against the execution material."
"CLS0085","US08_CT_R1","US08","CT","Q05","S01","If the reveal broadcast fails for some connected participants, what behavior is required?","Reveal broadcast failure behavior","US08_G10","DUP032","Yes","Operational","Operational","Systemic","Unanswered","Unanswered","Partially answered","Necessary","Necessary","Necessary","Operational","Unanswered","Necessary","Not found in the execution material.","Emergent gap. | Equivalent duplicate in the same Run_ID. Partial coverage was reviewed against the execution material."
"CLS0091","US19_C0_R1","US19","C0","Q01","S01","Should this feature include only joining the waitlist, or also downstream offer notification, acceptance, expiration, enrollment, and coordinator removal workflows?","Scope of waitlist feature workflows","US19_G01","DUP033","Yes","Decisional","Operational","Decisional","Unanswered","Unanswered","Unanswered","Necessary","Necessary","Necessary","Decisional","Unanswered","Necessary","Not found in the execution material.","Scope-delimitation question. | Equivalent duplicate in the same Run_ID."
"CLS0092","US19_C0_R1","US19","C0","Q02","S01","What exactly makes an attendee “eligible” to join a training waitlist?","Waitlist eligibility definition","US19_G02","DUP034","Yes","Lexical","Lexical","Lexical","Unanswered","Unanswered","Unanswered","Necessary","Necessary","Necessary","Lexical","Unanswered","Necessary","Not found in the execution material.","Equivalent duplicate in the same Run_ID."
"CLS0093","US19_C0_R1","US19","C0","Q03","S01","When two attendees join at nearly the same time, what tie-breaker should determine waitlist order?","Tie-breaking rule for simultaneous waitlist joins","US19_G03","DUP035","Yes","Decisional","Operational","Operational","Unanswered","Unanswered","Unanswered","Useful","Necessary","Useful","Operational","Unanswered","Useful","Not found in the execution User Story.","The reference defines the base ordering rule; the tie-breaking criterion remains unspecified. | Equivalent duplicate in the same Run_ID."
"CLS0094","US19_C0_R1","US19","C0","Q04","S01","If an attendee already has an active waitlist entry for the same class, should the system reject the new attempt, refresh the existing entry, or show the existing waitlist status?","Duplicate waitlist entry handling","US19_G04","DUP036","Yes","Systemic","Operational","Operational","Unanswered","Unanswered","Unanswered","Necessary","Necessary","Necessary","Operational","Unanswered","Necessary","ABSENT. No provided material or reference entry defines how duplicate waitlist attempts are handled.","A related decision exists in the reference (US19_CD_03), which addresses cleanup rather than join-time behavior. | Equivalent duplicate in the same Run_ID."
"CLS0095","US19_C0_R1","US19","C0","Q05","S01","How should an attendee be “considered when a place becomes available”: manual coordinator review, automatic offer to the first eligible attendee, or another process?","Available-place offer and next-step process","US19_G05","DUP037","Yes","Decisional","Operational","Operational","Unanswered","Unanswered","Unanswered","Necessary","Necessary","Necessary","Operational","Unanswered","Necessary","Not found in the execution material.","Equivalent duplicate in the same Run_ID. | Related reference answer exists but was not provided in this execution condition: US19_CO_03: ""When a place becomes available, the first eligible attendee is notified and has 24 hours to accept it."" (reference sheet; not provided under C0)"
"CLS0101","US19_CD_R1","US19","CD","Q01","S01","When an offered place expires or is declined, should the system automatically offer it to the next eligible waitlisted attendee, or should coordinator action be required?","Available-place offer and next-step process","US19_G05","DUP038","Yes","Systemic","Operational","Operational","Unanswered","Unanswered","Unanswered","Necessary","Necessary","Necessary","Operational","Unanswered","Necessary","ABSENT. Neither the provided decisional context nor any reference entry defines the flow after an offer expires or is declined.","Emergent gap. | Equivalent duplicate in the same Run_ID."
"CLS0102","US19_CD_R1","US19","CD","Q02","S01","If two attendees successfully join at the same timestamp precision, what tie-breaker determines waitlist order?","Tie-breaking rule for simultaneous waitlist joins","US19_G03","","Yes","Operational","Operational","Operational","Partially answered","Unanswered","Partially answered","Useful","Necessary","Useful","Operational","Partially answered","Useful","Results have previous ordering, but lack a tie-breaker criterion.","The rationale confirms the ordering principle; the tie-breaking criterion is absent. See also REF US19_CO_02. | Partial coverage was reviewed against the execution material."
"CLS0103","US19_CD_R1","US19","CD","Q03","S01","What makes an attendee “eligible” for joining or remaining on a training waitlist?","Waitlist eligibility definition","US19_G02","","Yes","Lexical","Lexical","Lexical","Unanswered","Unanswered","Unanswered","Necessary","Necessary","Necessary","Lexical","Unanswered","Necessary","Not found in the execution material.","The provided context uses ""no longer eligible"" without defining eligibility."
"CLS0104","US19_CD_R1","US19","CD","Q04","S01","How should the system notify an attendee about an available-place offer?","Available-place offer notification channel","US19_G06","","Yes","Systemic","Operational","Operational","Unanswered","Unanswered","Partially answered","Necessary","Useful","Necessary","Operational","Unanswered","Necessary","Not found in the execution material.","The reference names the responsible component (Notification Service) but not the channel. | Partial coverage was reviewed against the execution material."
"CLS0105","US19_CD_R1","US19","CD","Q05","S01","After a coordinator removes a waitlist entry, should that attendee be allowed to join the same waitlist again if they later become eligible?","Rejoin eligibility after coordinator removal","US19_G07","DUP039","Yes","Decisional","Operational","Operational","Unanswered","Unanswered","Partially answered","Necessary","Useful","Useful","Operational","Unanswered","Useful","CTX CD: ""Coordinators may remove entries that are duplicates or no longer eligible, with a recorded reason."" (removal covered; re-joining not addressed)","Emergent gap. | Equivalent duplicate in the same Run_ID. Partial coverage was reviewed against the execution material."
"CLS0108","US19_CL_R1","US19","CL","Q01","S01","When a waitlist offer expires or is declined, should the system automatically notify the next eligible attendee?","Available-place offer and next-step process","US19_G05","","Yes","Systemic","Operational","Operational","Unanswered","Unanswered","Unanswered","Necessary","Necessary","Necessary","Operational","Unanswered","Necessary","ABSENT. Neither the lexical context nor any reference entry defines the flow after an offer expires or is declined.","Emergent gap."
"CLS0109","US19_CL_R1","US19","CL","Q02","S01","During the 24-hour offer window, is the available place reserved for the notified attendee?","Reservation during offer acceptance window","US19_G08","","Yes","Operational","Operational","Operational","Unanswered","Unanswered","Unanswered","Necessary","Necessary","Necessary","Operational","Unanswered","Necessary","Not found in the execution material.","The question presupposes a ""24-hour"" window that is not part of the lexical context provided in this run; that detail exists only in the operational context (REF US19_CO_03). Possible model inference."
"CLS0110","US19_CL_R1","US19","CL","Q03","S01","If two attendees join at the same timestamp, what tie-breaker determines waitlist order?","Tie-breaking rule for simultaneous waitlist joins","US19_G03","","Yes","Operational","Operational","Operational","Partially answered","Unanswered","Unanswered","Useful","Necessary","Useful","Operational","Unanswered","Useful","Not found in the execution material.","The tie-breaking criterion remains unspecified."
"CLS0111","US19_CL_R1","US19","CL","Q04","S01","When should attendee eligibility be rechecked: only on join, only before offer, or both?","Eligibility recheck timing","US19_G09","","Yes","Decisional","Operational","Operational","Unanswered","Unanswered","Unanswered","Necessary","Necessary","Necessary","Operational","Unanswered","Necessary","ABSENT. No provided material or reference entry defines when eligibility must be rechecked.",""
"CLS0112","US19_CL_R1","US19","CL","Q05","S01","What information must be recorded for coordinator removals besides the reason?","Coordinator removal record fields","US19_G10","","Yes","Operational","Operational","Operational","Unanswered","Unanswered","Unanswered","Useful","Useful","Useful","Operational","Unanswered","Useful","Not found in the execution material.","The question presupposes that ""the reason"" is recorded — a detail from the decisional context not provided in this run. Possible model inference. The reference covers the reason only; additional fields remain unspecified."
"CLS0113","US19_CO_R1","US19","CO","Q01","S01","What eligibility rules determine whether an attendee may join or remain on a waitlist?","Waitlist eligibility definition","US19_G02","","Yes","Operational","Operational","Decisional","Unanswered","Partially answered","Unanswered","Necessary","Necessary","Useful","Operational","Unanswered","Necessary","Not found in the execution material.","The join conditions are stated, but person-level eligibility is not defined."
"CLS0114","US19_CO_R1","US19","CO","Q02","S01","If two successful waitlist entries have the same timestamp, how should their order be determined?","Tie-breaking rule for simultaneous waitlist joins","US19_G03","","Yes","Decisional","Operational","Operational","Partially answered","Unanswered","Partially answered","Necessary","Necessary","Useful","Operational","Partially answered","Necessary","Results have previous ordering, but lack a tie-breaker criterion.","The quoted rule covers base ordering; the tie-breaking criterion is absent. | Partial coverage was reviewed against the execution material."
"CLS0115","US19_CO_R1","US19","CO","Q03","S01","When a waitlist offer expires or is declined, should the next eligible attendee automatically receive an offer? Answer: yes/no.","Available-place offer and next-step process","US19_G05","","Yes","Decisional","Operational","Operational","Unanswered","Unanswered","Partially answered","Necessary","Necessary","Necessary","Operational","Unanswered","Necessary","CTX CO: ""When a place becomes available, the first eligible attendee is notified and has 24 hours to accept it."" (context provided in this run)","The first offer is covered; the flow after expiration or decline is absent. | Partial coverage was reviewed against the execution material."
"CLS0116","US19_CO_R1","US19","CO","Q04","S01","Should an attendee be able to join multiple waitlists for different training classes at the same time? Answer: yes/no.","Multiple concurrent waitlist participation","US19_G11","","Yes","Decisional","Operational","Decisional","Unanswered","Unanswered","Unanswered","Necessary","Useful","Useful","Decisional","Unanswered","Useful","Not found in the execution material.",""
"CLS0117","US19_CO_R1","US19","CO","Q05","S01","What information must be recorded when a coordinator removes a waitlist entry?","Coordinator removal record fields","US19_G10","","Yes","Operational","Operational","Operational","Unanswered","Unanswered","Unanswered","Necessary","Useful","Useful","Operational","Unanswered","Useful","Not found in the execution material.","The reference covers the recorded reason; the full set of required fields remains unspecified. | Related reference answer exists but was not provided in this execution condition: US19_CD_03: ""Coordinators may remove entries that are duplicates or no longer eligible, with a recorded reason."" (reference sheet; not provided under CO)"
"CLS0118","US19_CS_R1","US19","CS","Q01","S01","When an available-place offer expires or is declined, what should happen to that waitlist entry?","Available-place offer and next-step process","US19_G05","","Yes","Decisional","Operational","Operational","Unanswered","Unanswered","Partially answered","Necessary","Necessary","Necessary","Operational","Unanswered","Necessary","ABSENT. Neither the systemic context nor any reference entry defines what happens to the waitlist entry after an offer expires or is declined.","Emergent gap. | Partial coverage was reviewed against the execution material."
"CLS0119","US19_CS_R1","US19","CS","Q02","S01","After an offer expires, is declined, or the attendee becomes ineligible, should the system automatically offer the place to the next eligible attendee?","Available-place offer and next-step process","US19_G05","","Yes","Systemic","Operational","Operational","Unanswered","Partially answered","Partially answered","Necessary","Necessary","Necessary","Operational","Partially answered","Necessary","CTX CS: ""The Waitlist Service stores the ordered entries and identifies the next eligible attendee."" (context provided in this run)","Identifying the next eligible attendee is covered; whether an offer is issued automatically is not stated. | Partial coverage was reviewed against the execution material."
"CLS0120","US19_CS_R1","US19","CS","Q03","S01","If multiple attendees join at the same timestamp, what tie-breaker determines waitlist order?","Tie-breaking rule for simultaneous waitlist joins","US19_G03","","Yes","Operational","Operational","Operational","Partially answered","Unanswered","Unanswered","Useful","Necessary","Useful","Operational","Unanswered","Useful","Not found in the execution material.","The tie-breaking criterion remains unspecified."
"CLS0121","US19_CS_R1","US19","CS","Q04","S01","Should attendee eligibility be rechecked when a place becomes available, when the offer is accepted, or both?","Eligibility recheck timing","US19_G09","","Yes","Decisional","Operational","Operational","Unanswered","Unanswered","Partially answered","Necessary","Necessary","Necessary","Operational","Unanswered","Necessary","CTX CS: ""The Training Catalog provides class capacity, registration status, and eligibility rules."" (context provided in this run)","The source of eligibility rules is named; when eligibility must be rechecked is not stated. | Partial coverage was reviewed against the execution material."
"CLS0122","US19_CS_R1","US19","CS","Q05","S01","What should happen if the notification service fails to send an available-place offer?","Available-place notification failure behavior","US19_G12","","Yes","Systemic","Operational","Systemic","Unanswered","Unanswered","Partially answered","Necessary","Necessary","Useful","Systemic","Unanswered","Necessary","Not found in the execution material.","Emergent gap. The systemic context names the service without a failure policy. | Partial coverage was reviewed against the execution material."
"CLS0123","US19_CT_R1","US19","CT","Q01","S01","If two attendees successfully join at the same timestamp, what tie-breaker determines waitlist order?","Tie-breaking rule for simultaneous waitlist joins","US19_G03","DUP040","Yes","Operational","Operational","Operational","Partially answered","Unanswered","Partially answered","Useful","Necessary","Useful","Operational","Partially answered","Useful","Results have previous ordering, but lack a tie-breaker criterion.","The quoted rule covers base ordering; the tie-breaking criterion is absent. | Equivalent duplicate in the same Run_ID. Partial coverage was reviewed against the execution material."
"CLS0124","US19_CT_R1","US19","CT","Q02","S01","When a 24-hour offer expires or is declined, should the system automatically notify the next eligible attendee?","Available-place offer and next-step process","US19_G05","DUP041","Yes","Systemic","Operational","Operational","Unanswered","Partially answered","Partially answered","Necessary","Necessary","Necessary","Operational","Partially answered","Necessary","CTX CS (within CT): ""The Waitlist Service stores the ordered entries and identifies the next eligible attendee.""","Combined with the 24-hour offer rule (CTX CO), the flow up to identifying the next attendee is covered; the automatic notification policy is not stated. | Equivalent duplicate in the same Run_ID. Partial coverage was reviewed against the execution material."
"CLS0125","US19_CT_R1","US19","CT","Q03","S01","Should attendee eligibility be rechecked when an available-place offer is generated, when the offer is accepted, or both?","Eligibility recheck timing","US19_G09","DUP042","Yes","Decisional","Operational","Operational","Unanswered","Unanswered","Partially answered","Necessary","Necessary","Necessary","Operational","Unanswered","Necessary","ABSENT. None of the four context blocks defines when eligibility must be rechecked.","Equivalent duplicate in the same Run_ID. Partial coverage was reviewed against the execution material."
"CLS0126","US19_CT_R1","US19","CT","Q04","S01","What minimum information must be recorded for coordinator removals besides the reason?","Coordinator removal record fields","US19_G10","DUP043","Yes","Operational","Operational","Operational","Unanswered","Partially answered","Partially answered","Useful","Useful","Useful","Operational","Partially answered","Useful","CTX CD (within CT): ""Coordinators may remove entries that are duplicates or no longer eligible, with a recorded reason.""","The recorded reason is covered; additional required fields are not specified. | Equivalent duplicate in the same Run_ID. Partial coverage was reviewed against the execution material."
"CLS0127","US19_CT_R1","US19","CT","Q05","S01","What notification channel is required for available-place offers?","Available-place offer notification channel","US19_G06","DUP044","Yes","Operational","Operational","Systemic","Unanswered","Unanswered","Partially answered","Necessary","Useful","Useful","Operational","Unanswered","Useful","ABSENT. None of the four context blocks specifies the notification channel.","The systemic block names the Notification Service without defining the channel. | Equivalent duplicate in the same Run_ID. Partial coverage was reviewed against the execution material."
"CLS0133","US22_C0_R1","US22","C0","Q01","S01","What qualifies as “sufficient profile and interaction history” for personalized recommendations?","Minimum profile/history threshold for personalization","US22_G01","","Yes","Lexical","Lexical","Lexical","Unanswered","Unanswered","Unanswered","Necessary","Necessary","Necessary","Lexical","Unanswered","Necessary","Not found in the execution material.","The term ""sufficient history"" is the model's own phrasing; the related reference entry (US22_CO_03) covers the fallback rule, not the threshold."
"CLS0134","US22_C0_R1","US22","C0","Q02","S01","What makes content “eligible” for recommendation beyond not being dismissed?","Content eligibility definition","US22_G02","","Yes","Lexical","Lexical","Lexical","Unanswered","Unanswered","Unanswered","Necessary","Necessary","Necessary","Lexical","Unanswered","Necessary","Not found in the execution material.","Beyond not being dismissed presupposes the dismissal rule from the operational context, which was not provided in this run. Possible model inference."
"CLS0135","US22_C0_R1","US22","C0","Q03","S01","How should “similar profiles” be prioritized when interests and interaction signals conflict?","Similarity ranking conflict/combination rule","US22_G03","","Yes","Decisional","Operational","Operational","Unanswered","Unanswered","Unanswered","Necessary","Necessary","Necessary","Operational","Unanswered","Necessary","Not found in the execution material.","The reference lists the similarity signals; the prioritization rule for conflicting signals is not defined. | Related reference answer exists but was not provided in this execution condition: US22_CO_01: ""Similarity is calculated from shared interests, viewed content, saved content, and positive feedback."" (reference sheet; not provided under C0)"
"CLS0136","US22_C0_R1","US22","C0","Q04","S01","How is “popular content” defined for fallback recommendations?","Popular content fallback rule","US22_G04","","Yes","Lexical","Lexical","Operational","Unanswered","Unanswered","Unanswered","Necessary","Necessary","Necessary","Lexical","Unanswered","Necessary","Not found in the execution material.","The reference establishes the fallback; the definition of ""popular content"" is not given."
"CLS0137","US22_C0_R1","US22","C0","Q05","S01","When a user disables interaction-history use, should their history also be excluded from similarity calculations for other users? Answer: Yes or No.","History-disabled declared-interest/history use decision","US22_G05","","Yes","Decisional","Decisional","Decisional","Unanswered","Unanswered","Unanswered","Necessary","Useful","Necessary","Decisional","Unanswered","Necessary","Not found in the execution material.","The reference covers the opt-out itself; whether the opted-out history is also excluded from other users' similarity calculations is not addressed."
"CLS0138","US22_CD_R1","US22","CD","Q01","S01","What defines “sufficient profile and interaction history” for personalized recommendations?","Minimum profile/history threshold for personalization","US22_G01","DUP045","Yes","Lexical","Lexical","Lexical","Unanswered","Unanswered","Unanswered","Necessary","Necessary","Necessary","Lexical","Unanswered","Necessary","Not found in the execution material.","Equivalent duplicate in the same Run_ID."
"CLS0139","US22_CD_R1","US22","CD","Q02","S01","What makes a content item “eligible” for recommendation?","Content eligibility definition","US22_G02","DUP046","Yes","Lexical","Lexical","Lexical","Unanswered","Unanswered","Unanswered","Necessary","Necessary","Necessary","Lexical","Unanswered","Necessary","Not found in the execution material.","Equivalent duplicate in the same Run_ID."
"CLS0140","US22_CD_R1","US22","CD","Q03","S01","When history use is disabled, may declared interests still be used for recommendations?","History-disabled declared-interest use decision","US22_G06","DUP047","Yes","Decisional","Operational","Decisional","Unanswered","Partially answered","Partially answered","Necessary","Necessary","Necessary","Decisional","Partially answered","Necessary","Users may disable the use of their interaction history for personalized recommendations. / The Profile Service provides declared interests and privacy settings.","The opt-out is scoped to interaction history, which implies — but does not state — that declared interests remain usable. | Equivalent duplicate in the same Run_ID. Partial coverage was reviewed against the execution material."
"CLS0141","US22_CD_R1","US22","CD","Q04","S01","How should “popular eligible content” be determined for fallback recommendations?","Popular content fallback rule","US22_G04","DUP048","Yes","Decisional","Operational","Lexical","Unanswered","Unanswered","Unanswered","Necessary","Necessary","Necessary","Operational","Unanswered","Necessary","No explicit rule in the User Story or supplied context defines how popular eligible content should be determined for fallback recommendations.","Equivalent duplicate in the same Run_ID."
"CLS0142","US22_CD_R1","US22","CD","Q05","S01","Besides dismissed items, should previously viewed, saved, or positively rated content be excluded from recommendations?","Previously engaged content exclusion rule","US22_G07","DUP049","Yes","Decisional","Operational","Decisional","Unanswered","Unanswered","Unanswered","Necessary","Useful","Useful","Decisional","Unanswered","Useful","No explicit rule in the User Story or supplied context defines how popular eligible content should be determined for fallback recommendations.","The reference excludes dismissed items only; exclusion of viewed, saved, or rated content is not addressed. | Equivalent duplicate in the same Run_ID."
"CLS0148","US22_CL_R1","US22","CL","Q01","S01","What threshold defines “sufficient profile and interaction history” for personalized recommendations?","Minimum profile/history threshold for personalization","US22_G01","","Yes","Lexical","Operational","Lexical","Unanswered","Unanswered","Partially answered","Necessary","Necessary","Necessary","Lexical","Unanswered","Necessary","Not found in the execution material.","Emergent gap; the reference covers the fallback rule (US22_CO_03), not the threshold. | Partial coverage was reviewed against the execution material."
"CLS0149","US22_CL_R1","US22","CL","Q02","S01","Which interaction types count as “positive feedback” for similarity scoring?","Eligible interaction history signals for similarity","US22_G08","","Yes","Operational","Lexical","Systemic","Unanswered","Unanswered","Unanswered","Necessary","Necessary","Necessary","Systemic","Unanswered","Necessary","No explicit list in the User Story or supplied context defines which interaction types count as positive feedback for similarity scoring.","The reference lists the signals; which interactions count as ""positive feedback"" is not decomposed."
"CLS0150","US22_CL_R1","US22","CL","Q03","S01","What makes content “eligible” for recommendation?","Content eligibility definition","US22_G02","","Yes","Lexical","Lexical","Lexical","Unanswered","Unanswered","Partially answered","Necessary","Necessary","Necessary","Lexical","Unanswered","Necessary","Not found in the execution material.","Partial coverage was reviewed against the execution material."
"CLS0151","US22_CL_R1","US22","CL","Q04","S01","How should recommendation ranking combine interest similarity and interaction-pattern similarity?","Similarity ranking conflict/combination rule","US22_G03","","Yes","Decisional","Operational","Operational","Unanswered","Partially answered","Unanswered","Necessary","Necessary","Necessary","Operational","Unanswered","Necessary","Not found in the execution material.","Both similarity components are stated; the combination or weighting rule is not."
"CLS0152","US22_CL_R1","US22","CL","Q05","S01","What user-visible state should appear when no eligible recommendations are available?","No eligible recommendations user-visible state","US22_G09","","Yes","Decisional","Operational","Operational","Unanswered","Unanswered","Unanswered","Useful","Useful","Useful","Operational","Unanswered","Useful","ABSENT. Neither the lexical context nor any reference entry defines the user-visible empty state.","The fallback rule (US22_CO_03) is related but addresses a different condition (insufficient history, not zero eligible items)."
"CLS0153","US22_CO_R1","US22","CO","Q01","S01","What exact threshold defines “sufficient history” for personalized recommendations?","Minimum profile/history threshold for personalization","US22_G01","DUP050","Yes","Lexical","Operational","Lexical","Unanswered","Partially answered","Partially answered","Necessary","Necessary","Necessary","Lexical","Partially answered","Necessary","Users with insufficient history receive non-personalized popular content instead.","The sufficiency concept is used operationally; the exact threshold is not defined. | Equivalent duplicate in the same Run_ID. Partial coverage was reviewed against the execution material."
"CLS0154","US22_CO_R1","US22","CO","Q02","S01","What criteria make a content item “eligible” for recommendation?","Content eligibility definition","US22_G02","DUP051","Yes","Operational","Lexical","Lexical","Unanswered","Partially answered","Partially answered","Necessary","Necessary","Necessary","Lexical","Partially answered","Necessary","CTX CO: ""The system returns up to ten eligible items that the current user has not already dismissed."" (context provided in this run)","One eligibility criterion (not dismissed) is stated; the remaining criteria are not. | Equivalent duplicate in the same Run_ID. Partial coverage was reviewed against the execution material."
"CLS0155","US22_CO_R1","US22","CO","Q03","S01","When interaction-history use is disabled, may declared interests still be used for personalization?","History-disabled declared-interest use decision","US22_G06","DUP052","Yes","Decisional","Operational","Decisional","Unanswered","Unanswered","Unanswered","Necessary","Necessary","Necessary","Decisional","Unanswered","Necessary","Not found in the execution material.","The question presupposes the opt-out feature, which is not part of the operational context provided in this run. Possible model inference. | Equivalent duplicate in the same Run_ID."
"CLS0156","US22_CO_R1","US22","CO","Q04","S01","How is “non-personalized popular content” calculated?","Popular content fallback rule","US22_G04","DUP053","Yes","Operational","Operational","Operational","Unanswered","Partially answered","Partially answered","Necessary","Necessary","Necessary","Operational","Partially answered","Necessary","CTX CO: ""Users with insufficient history receive non-personalized popular content instead."" (context provided in this run)","The fallback is established; the popularity calculation is not defined. | Equivalent duplicate in the same Run_ID. Partial coverage was reviewed against the execution material."
"CLS0157","US22_CO_R1","US22","CO","Q05","S01","How should recommendation ranking break ties between equally scored content items?","Tie-breaking for equally scored recommendations","US22_G10","DUP054","Yes","Decisional","Operational","Operational","Unanswered","Unanswered","Unanswered","Useful","Necessary","Useful","Operational","Unanswered","Useful","Not found in the execution material.","The ranking basis is given; the tie-breaking rule between equally scored items is absent. | Equivalent duplicate in the same Run_ID."
"CLS0163","US22_CS_R1","US22","CS","Q01","S01","What minimum profile/history data qualifies a user for personalized similar-profile recommendations?","Minimum profile/history threshold for personalization","US22_G01","DUP055","Yes","Operational","Operational","Lexical","Unanswered","Unanswered","Unanswered","Necessary","Necessary","Necessary","Operational","Unanswered","Necessary","Not found in the execution material.","Equivalent duplicate in the same Run_ID."
"CLS0164","US22_CS_R1","US22","CS","Q02","S01","Which behavioral events from the Interaction History Service count as eligible signals for similarity: viewed, saved, positive feedback, or another defined subset?","Eligible interaction history signals for similarity","US22_G08","DUP056","Yes","Systemic","Lexical","Decisional","Unanswered","Partially answered","Unanswered","Necessary","Necessary","Useful","Systemic","Unanswered","Necessary","The supplied material refers to interaction/history signals, but it does not explicitly define which behavioral events from the Interaction History Service are eligible for similarity scoring.","The signal composition exists in the reference (US22_CO_01) but was not provided in this run. | Equivalent duplicate in the same Run_ID."
"CLS0165","US22_CS_R1","US22","CS","Q03","S01","When interaction-history use is disabled, may recommendations still use declared interests from the Profile Service?","History-disabled declared-interest use decision","US22_G06","DUP057","Yes","Systemic","Operational","Decisional","Unanswered","Unanswered","Partially answered","Necessary","Necessary","Necessary","Decisional","Unanswered","Necessary","No explicit decision in the User Story or supplied context states whether declared interests from the Profile Service may still be used when interaction-history use is disabled.","Privacy settings are mentioned as data, but no rule defines behavior when history use is disabled. See also REF US22_CD_03. | Equivalent duplicate in the same Run_ID. Partial coverage was reviewed against the execution material."
"CLS0166","US22_CS_R1","US22","CS","Q04","S01","How should non-personalized “popular eligible content” be determined?","Popular content fallback rule","US22_G04","DUP058","Yes","Decisional","Operational","Lexical","Unanswered","Unanswered","Partially answered","Necessary","Necessary","Necessary","Operational","Unanswered","Necessary","No explicit rule in the User Story or supplied context defines how non-personalized popular eligible content should be calculated or selected.","The fallback rule exists in the reference; the popularity calculation is not defined anywhere. | Equivalent duplicate in the same Run_ID. Partial coverage was reviewed against the execution material."
"CLS0167","US22_CS_R1","US22","CS","Q05","S01","What makes a content item eligible or ineligible for recommendation from the Content Catalog?","Content eligibility definition","US22_G02","DUP059","Yes","Lexical","Lexical","Lexical","Unanswered","Unanswered","Partially answered","Necessary","Necessary","Necessary","Lexical","Unanswered","Necessary","Not found in the execution material.","Equivalent duplicate in the same Run_ID. Partial coverage was reviewed against the execution material."
"CLS0173","US22_CT_R1","US22","CT","Q01","S01","What threshold defines “sufficient history” for personalized recommendations?","Minimum profile/history threshold for personalization","US22_G01","","Yes","Lexical","Operational","Lexical","Unanswered","Partially answered","Partially answered","Necessary","Necessary","Necessary","Lexical","Partially answered","Necessary","Users with insufficient history receive non-personalized popular content instead.","The sufficiency concept is used; the exact threshold is not defined. | Partial coverage was reviewed against the execution material."
"CLS0174","US22_CT_R1","US22","CT","Q02","S01","When interaction-history use is disabled, may declared interests still be used for recommendations? Answer: yes/no.","History-disabled declared-interest use decision","US22_G06","","Yes","Decisional","Operational","Decisional","Unanswered","Partially answered","Partially answered","Necessary","Necessary","Necessary","Decisional","Partially answered","Necessary","Users may disable the use of their interaction history for personalized recommendations. / The Profile Service provides declared interests and privacy settings.","The opt-out is scoped to interaction history; the status of declared interests is implied but not stated. | Partial coverage was reviewed against the execution material."
"CLS0175","US22_CT_R1","US22","CT","Q03","S01","What makes catalog content “eligible” for recommendation beyond not being dismissed?","Content eligibility definition","US22_G02","","Yes","Lexical","Lexical","Lexical","Unanswered","Partially answered","Partially answered","Necessary","Necessary","Necessary","Lexical","Partially answered","Necessary","CTX CO (within CT): ""The system returns up to ten eligible items that the current user has not already dismissed.""","One criterion (not dismissed) is stated; the additional criteria requested are not. | Partial coverage was reviewed against the execution material."
"CLS0176","US22_CT_R1","US22","CT","Q04","S01","How is “popular content” determined for fallback recommendations?","Popular content fallback rule","US22_G04","","Yes","Operational","Operational","Operational","Unanswered","Partially answered","Partially answered","Necessary","Necessary","Necessary","Operational","Partially answered","Necessary","CTX CO (within CT): ""Users with insufficient history receive non-personalized popular content instead.""","The fallback is established; the determination of ""popular content"" is not. | Partial coverage was reviewed against the execution material."
"CLS0177","US22_CT_R1","US22","CT","Q05","S01","What should the user see when no eligible recommendations are available?","No eligible recommendations user-visible state","US22_G09","","Yes","Decisional","Operational","Operational","Unanswered","Unanswered","Unanswered","Necessary","Useful","Useful","Operational","Unanswered","Useful","ABSENT: None of the four context blocks defines the user-visible state when no eligible recommendations exist.","The fallback rule covers insufficient history, which is a different condition."
